timestamp,attraction_name,status,queue_type,wait_time
2025-11-13 15:04:13,Droomvlucht,OPERATING,STANDBY,25
2025-11-13 15:04:13,Fata Morgana,OPERATING,STANDBY,5
2025-11-13 15:04:13,Villa Volta,OPERATING,STANDBY,5
2025-11-13 15:04:13,De Vliegende Hollander,OPERATING,STANDBY,25
2025-11-13 15:04:13,De Vliegende Hollander,OPERATING,SINGLE_RIDER,0
2025-11-13 15:04:13,Kleuterhof,OPERATING,STANDBY,0
2025-11-13 15:04:13,Nest!,OPERATING,STANDBY,0
2025-11-13 15:04:13,Archipel,OPERATING,STANDBY,0
2025-11-13 15:04:13,Sirocco,REFURBISHMENT,STANDBY,N/A
2025-11-13 15:04:13,Stoomtrein - Marerijk,OPERATING,STANDBY,25
2025-11-13 15:04:13,Volk van Laaf,OPERATING,STANDBY,0
2025-11-13 15:04:13,Fairytale Forest,OPERATING,STANDBY,0
2025-11-13 15:04:13,Stoomcarrousel,OPERATING,STANDBY,0
2025-11-13 15:04:13,Efteling Museum,OPERATING,STANDBY,0
2025-11-13 15:04:13,Halve Maen,OPERATING,STANDBY,5
2025-11-13 15:04:13,Stoomtrein - Oost,OPERATING,STANDBY,25
2025-11-13 15:04:13,Kinderspoor,OPERATING,STANDBY,0
2025-11-13 15:04:13,Diorama,OPERATING,STANDBY,0
2025-11-13 15:04:13,Fabula,OPERATING,STANDBY,10
2025-11-13 15:04:13,Kindervreugd,CLOSED,STANDBY,N/A
2025-11-13 15:04:13,Monorail,REFURBISHMENT,STANDBY,N/A
2025-11-13 15:04:13,Max & Moritz,OPERATING,STANDBY,5
2025-11-13 15:04:13,Max & Moritz,OPERATING,SINGLE_RIDER,0
2025-11-13 15:04:13,Anton Pieckplein,OPERATING,STANDBY,0
2025-11-13 15:04:13,Gondoletta,OPERATING,STANDBY,5
2025-11-13 15:04:13,De Oude Tufferbaan,DOWN,STANDBY,0
2025-11-13 15:04:13,Python,OPERATING,STANDBY,5
2025-11-13 15:04:13,Python,OPERATING,SINGLE_RIDER,0
2025-11-13 15:04:13,Piraña,OPERATING,STANDBY,5
2025-11-13 15:04:13,Joris en de Draak,OPERATING,STANDBY,10
2025-11-13 15:04:13,Joris en de Draak,OPERATING,SINGLE_RIDER,0
2025-11-13 15:04:13,Carnaval Festival,OPERATING,STANDBY,10
2025-11-13 15:04:13,Vogel Rok,REFURBISHMENT,STANDBY,N/A
2025-11-13 15:04:13,Baron 1898,OPERATING,STANDBY,15
2025-11-13 15:04:13,Baron 1898,OPERATING,SINGLE_RIDER,10
2025-11-13 15:04:13,Pagode,OPERATING,STANDBY,5
2025-11-13 15:04:13,Symbolica,OPERATING,STANDBY,25
2025-11-13 15:04:13,Symbolica,OPERATING,SINGLE_RIDER,0
2025-11-13 15:04:13,Danse Macabre,OPERATING,STANDBY,13
2025-11-13 15:04:13,Danse Macabre,OPERATING,SINGLE_RIDER,0
2025-11-13 15:19:48,Droomvlucht,OPERATING,STANDBY,20
2025-11-13 15:19:48,Fata Morgana,OPERATING,STANDBY,5
2025-11-13 15:19:48,Villa Volta,OPERATING,STANDBY,5
2025-11-13 15:19:48,De Vliegende Hollander,OPERATING,STANDBY,5
2025-11-13 15:19:48,De Vliegende Hollander,OPERATING,SINGLE_RIDER,0
2025-11-13 15:19:48,Kleuterhof,OPERATING,STANDBY,0
2025-11-13 15:19:48,Nest!,OPERATING,STANDBY,0
2025-11-13 15:19:48,Archipel,OPERATING,STANDBY,0
2025-11-13 15:19:48,Sirocco,REFURBISHMENT,STANDBY,N/A
2025-11-13 15:19:48,Stoomtrein - Marerijk,OPERATING,STANDBY,25
2025-11-13 15:19:48,Volk van Laaf,OPERATING,STANDBY,0
2025-11-13 15:19:48,Fairytale Forest,OPERATING,STANDBY,0
2025-11-13 15:19:48,Stoomcarrousel,OPERATING,STANDBY,0
2025-11-13 15:19:48,Efteling Museum,OPERATING,STANDBY,0
2025-11-13 15:19:48,Halve Maen,OPERATING,STANDBY,5
2025-11-13 15:19:48,Stoomtrein - Oost,OPERATING,STANDBY,25
2025-11-13 15:19:48,Kinderspoor,OPERATING,STANDBY,0
2025-11-13 15:19:48,Diorama,OPERATING,STANDBY,0
2025-11-13 15:19:48,Fabula,OPERATING,STANDBY,10
2025-11-13 15:19:48,Kindervreugd,CLOSED,STANDBY,N/A
2025-11-13 15:19:48,Monorail,REFURBISHMENT,STANDBY,N/A
2025-11-13 15:19:48,Max & Moritz,OPERATING,STANDBY,5
2025-11-13 15:19:48,Max & Moritz,OPERATING,SINGLE_RIDER,0
2025-11-13 15:19:48,Anton Pieckplein,OPERATING,STANDBY,0
2025-11-13 15:19:48,Gondoletta,OPERATING,STANDBY,5
2025-11-13 15:19:48,De Oude Tufferbaan,DOWN,STANDBY,0
2025-11-13 15:19:48,Python,OPERATING,STANDBY,5
2025-11-13 15:19:48,Python,OPERATING,SINGLE_RIDER,0
2025-11-13 15:19:48,Piraña,OPERATING,STANDBY,5
2025-11-13 15:19:48,Joris en de Draak,OPERATING,STANDBY,10
2025-11-13 15:19:48,Joris en de Draak,OPERATING,SINGLE_RIDER,0
2025-11-13 15:19:48,Carnaval Festival,OPERATING,STANDBY,10
2025-11-13 15:19:48,Vogel Rok,REFURBISHMENT,STANDBY,N/A
2025-11-13 15:19:48,Baron 1898,OPERATING,STANDBY,10
2025-11-13 15:19:48,Baron 1898,OPERATING,SINGLE_RIDER,15
2025-11-13 15:19:48,Pagode,OPERATING,STANDBY,5
2025-11-13 15:19:48,Symbolica,OPERATING,STANDBY,25
2025-11-13 15:19:48,Symbolica,OPERATING,SINGLE_RIDER,0
2025-11-13 15:19:48,Danse Macabre,OPERATING,STANDBY,20
2025-11-13 15:19:48,Danse Macabre,OPERATING,SINGLE_RIDER,0
2025-11-13 15:24:48,Droomvlucht,OPERATING,STANDBY,20
2025-11-13 15:24:48,Fata Morgana,OPERATING,STANDBY,5
2025-11-13 15:24:48,Villa Volta,OPERATING,STANDBY,5
2025-11-13 15:24:48,De Vliegende Hollander,OPERATING,STANDBY,5
2025-11-13 15:24:48,De Vliegende Hollander,OPERATING,SINGLE_RIDER,0
2025-11-13 15:24:48,Kleuterhof,OPERATING,STANDBY,0
2025-11-13 15:24:48,Nest!,OPERATING,STANDBY,0
2025-11-13 15:24:48,Archipel,OPERATING,STANDBY,0
2025-11-13 15:24:48,Sirocco,REFURBISHMENT,STANDBY,N/A
2025-11-13 15:24:48,Stoomtrein - Marerijk,OPERATING,STANDBY,25
2025-11-13 15:24:48,Volk van Laaf,OPERATING,STANDBY,0
2025-11-13 15:24:48,Fairytale Forest,OPERATING,STANDBY,0
2025-11-13 15:24:48,Stoomcarrousel,OPERATING,STANDBY,0
2025-11-13 15:24:48,Efteling Museum,OPERATING,STANDBY,0
2025-11-13 15:24:48,Halve Maen,OPERATING,STANDBY,5
2025-11-13 15:24:48,Stoomtrein - Oost,OPERATING,STANDBY,25
2025-11-13 15:24:48,Kinderspoor,OPERATING,STANDBY,5
2025-11-13 15:24:48,Diorama,OPERATING,STANDBY,0
2025-11-13 15:24:48,Fabula,OPERATING,STANDBY,10
2025-11-13 15:24:48,Monorail,CLOSED,STANDBY,N/A
2025-11-13 15:24:48,Kindervreugd,CLOSED,STANDBY,N/A
2025-11-13 15:24:48,Max & Moritz,OPERATING,STANDBY,5
2025-11-13 15:24:48,Max & Moritz,OPERATING,SINGLE_RIDER,0
2025-11-13 15:24:48,Anton Pieckplein,OPERATING,STANDBY,0
2025-11-13 15:24:48,Gondoletta,OPERATING,STANDBY,5
2025-11-13 15:24:48,De Oude Tufferbaan,DOWN,STANDBY,0
2025-11-13 15:24:48,Python,OPERATING,STANDBY,5
2025-11-13 15:24:48,Python,OPERATING,SINGLE_RIDER,0
2025-11-13 15:24:48,Piraña,OPERATING,STANDBY,5
2025-11-13 15:24:48,Joris en de Draak,OPERATING,STANDBY,15
2025-11-13 15:24:48,Joris en de Draak,OPERATING,SINGLE_RIDER,0
2025-11-13 15:24:48,Carnaval Festival,OPERATING,STANDBY,5
2025-11-13 15:24:48,Vogel Rok,REFURBISHMENT,STANDBY,N/A
2025-11-13 15:24:48,Baron 1898,OPERATING,STANDBY,10
2025-11-13 15:24:48,Baron 1898,OPERATING,SINGLE_RIDER,15
2025-11-13 15:24:48,Pagode,OPERATING,STANDBY,5
2025-11-13 15:24:48,Symbolica,OPERATING,STANDBY,20
2025-11-13 15:24:48,Symbolica,OPERATING,SINGLE_RIDER,0
2025-11-13 15:24:48,Danse Macabre,OPERATING,STANDBY,20
2025-11-13 15:24:48,Danse Macabre,OPERATING,SINGLE_RIDER,0
2025-11-13 15:29:49,Droomvlucht,OPERATING,STANDBY,20
2025-11-13 15:29:49,Fata Morgana,OPERATING,STANDBY,5
2025-11-13 15:29:49,Villa Volta,OPERATING,STANDBY,5
2025-11-13 15:29:49,De Vliegende Hollander,OPERATING,STANDBY,5
2025-11-13 15:29:49,De Vliegende Hollander,OPERATING,SINGLE_RIDER,0
2025-11-13 15:29:49,Kleuterhof,OPERATING,STANDBY,0
2025-11-13 15:29:49,Nest!,OPERATING,STANDBY,0
2025-11-13 15:29:49,Archipel,OPERATING,STANDBY,0
2025-11-13 15:29:49,Sirocco,REFURBISHMENT,STANDBY,N/A
2025-11-13 15:29:49,Stoomtrein - Marerijk,OPERATING,STANDBY,25
2025-11-13 15:29:49,Volk van Laaf,OPERATING,STANDBY,0
2025-11-13 15:29:49,Fairytale Forest,OPERATING,STANDBY,0
2025-11-13 15:29:49,Stoomcarrousel,OPERATING,STANDBY,0
2025-11-13 15:29:49,Efteling Museum,OPERATING,STANDBY,0
2025-11-13 15:29:49,Halve Maen,OPERATING,STANDBY,5
2025-11-13 15:29:49,Stoomtrein - Oost,OPERATING,STANDBY,25
2025-11-13 15:29:49,Kinderspoor,OPERATING,STANDBY,5
2025-11-13 15:29:49,Diorama,OPERATING,STANDBY,0
2025-11-13 15:29:49,Fabula,OPERATING,STANDBY,10
2025-11-13 15:29:49,Monorail,CLOSED,STANDBY,N/A
2025-11-13 15:29:49,Kindervreugd,CLOSED,STANDBY,N/A
2025-11-13 15:29:49,Max & Moritz,OPERATING,STANDBY,5
2025-11-13 15:29:49,Max & Moritz,OPERATING,SINGLE_RIDER,0
2025-11-13 15:29:49,Anton Pieckplein,OPERATING,STANDBY,0
2025-11-13 15:29:49,Gondoletta,OPERATING,STANDBY,5
2025-11-13 15:29:49,De Oude Tufferbaan,OPERATING,STANDBY,5
2025-11-13 15:29:49,Python,OPERATING,STANDBY,5
2025-11-13 15:29:49,Python,OPERATING,SINGLE_RIDER,0
2025-11-13 15:29:49,Piraña,OPERATING,STANDBY,5
2025-11-13 15:29:49,Joris en de Draak,OPERATING,STANDBY,15
2025-11-13 15:29:49,Joris en de Draak,OPERATING,SINGLE_RIDER,0
2025-11-13 15:29:49,Carnaval Festival,OPERATING,STANDBY,5
2025-11-13 15:29:49,Vogel Rok,REFURBISHMENT,STANDBY,N/A
2025-11-13 15:29:49,Baron 1898,OPERATING,STANDBY,10
2025-11-13 15:29:49,Baron 1898,OPERATING,SINGLE_RIDER,15
2025-11-13 15:29:49,Pagode,OPERATING,STANDBY,5
2025-11-13 15:29:49,Symbolica,OPERATING,STANDBY,25
2025-11-13 15:29:49,Symbolica,OPERATING,SINGLE_RIDER,0
2025-11-13 15:29:49,Danse Macabre,OPERATING,STANDBY,13
2025-11-13 15:29:49,Danse Macabre,OPERATING,SINGLE_RIDER,0
2025-11-13 15:34:49,Droomvlucht,OPERATING,STANDBY,20
2025-11-13 15:34:49,Fata Morgana,OPERATING,STANDBY,5
2025-11-13 15:34:49,Villa Volta,OPERATING,STANDBY,5
2025-11-13 15:34:49,De Vliegende Hollander,OPERATING,STANDBY,5
2025-11-13 15:34:49,De Vliegende Hollander,OPERATING,SINGLE_RIDER,0
2025-11-13 15:34:49,Kleuterhof,OPERATING,STANDBY,0
2025-11-13 15:34:49,Nest!,OPERATING,STANDBY,0
2025-11-13 15:34:49,Archipel,OPERATING,STANDBY,0
2025-11-13 15:34:49,Sirocco,REFURBISHMENT,STANDBY,N/A
2025-11-13 15:34:49,Stoomtrein - Marerijk,OPERATING,STANDBY,25
2025-11-13 15:34:49,Volk van Laaf,OPERATING,STANDBY,0
2025-11-13 15:34:49,Fairytale Forest,OPERATING,STANDBY,0
2025-11-13 15:34:49,Stoomcarrousel,OPERATING,STANDBY,0
2025-11-13 15:34:49,Efteling Museum,OPERATING,STANDBY,0
2025-11-13 15:34:49,Halve Maen,OPERATING,STANDBY,5
2025-11-13 15:34:49,Stoomtrein - Oost,OPERATING,STANDBY,25
2025-11-13 15:34:49,Kinderspoor,OPERATING,STANDBY,5
2025-11-13 15:34:49,Diorama,OPERATING,STANDBY,0
2025-11-13 15:34:49,Fabula,OPERATING,STANDBY,10
2025-11-13 15:34:49,Monorail,CLOSED,STANDBY,N/A
2025-11-13 15:34:49,Kindervreugd,CLOSED,STANDBY,N/A
2025-11-13 15:34:49,Max & Moritz,OPERATING,STANDBY,5
2025-11-13 15:34:49,Max & Moritz,OPERATING,SINGLE_RIDER,0
2025-11-13 15:34:49,Anton Pieckplein,OPERATING,STANDBY,0
2025-11-13 15:34:49,Gondoletta,OPERATING,STANDBY,5
2025-11-13 15:34:49,De Oude Tufferbaan,OPERATING,STANDBY,5
2025-11-13 15:34:49,Python,OPERATING,STANDBY,5
2025-11-13 15:34:49,Python,OPERATING,SINGLE_RIDER,0
2025-11-13 15:34:49,Piraña,OPERATING,STANDBY,5
2025-11-13 15:34:49,Joris en de Draak,OPERATING,STANDBY,15
2025-11-13 15:34:49,Joris en de Draak,OPERATING,SINGLE_RIDER,0
2025-11-13 15:34:49,Carnaval Festival,OPERATING,STANDBY,5
2025-11-13 15:34:49,Vogel Rok,REFURBISHMENT,STANDBY,N/A
2025-11-13 15:34:49,Baron 1898,OPERATING,STANDBY,10
2025-11-13 15:34:49,Baron 1898,OPERATING,SINGLE_RIDER,15
2025-11-13 15:34:49,Pagode,OPERATING,STANDBY,5
2025-11-13 15:34:49,Symbolica,OPERATING,STANDBY,25
2025-11-13 15:34:49,Symbolica,OPERATING,SINGLE_RIDER,0
2025-11-13 15:34:49,Danse Macabre,OPERATING,STANDBY,13
2025-11-13 15:34:49,Danse Macabre,OPERATING,SINGLE_RIDER,0
2025-11-13 15:39:49,Droomvlucht,OPERATING,STANDBY,20
2025-11-13 15:39:49,Fata Morgana,OPERATING,STANDBY,5
2025-11-13 15:39:49,Villa Volta,OPERATING,STANDBY,5
2025-11-13 15:39:49,De Vliegende Hollander,OPERATING,STANDBY,5
2025-11-13 15:39:49,De Vliegende Hollander,OPERATING,SINGLE_RIDER,0
2025-11-13 15:39:49,Kleuterhof,OPERATING,STANDBY,0
2025-11-13 15:39:49,Nest!,OPERATING,STANDBY,0
2025-11-13 15:39:49,Archipel,OPERATING,STANDBY,0
2025-11-13 15:39:49,Sirocco,REFURBISHMENT,STANDBY,N/A
2025-11-13 15:39:49,Stoomtrein - Marerijk,OPERATING,STANDBY,25
2025-11-13 15:39:49,Volk van Laaf,OPERATING,STANDBY,0
2025-11-13 15:39:49,Fairytale Forest,OPERATING,STANDBY,0
2025-11-13 15:39:49,Stoomcarrousel,OPERATING,STANDBY,0
2025-11-13 15:39:49,Efteling Museum,OPERATING,STANDBY,0
2025-11-13 15:39:49,Halve Maen,OPERATING,STANDBY,5
2025-11-13 15:39:49,Stoomtrein - Oost,OPERATING,STANDBY,25
2025-11-13 15:39:49,Kinderspoor,OPERATING,STANDBY,5
2025-11-13 15:39:49,Diorama,OPERATING,STANDBY,0
2025-11-13 15:39:49,Fabula,OPERATING,STANDBY,10
2025-11-13 15:39:49,Monorail,CLOSED,STANDBY,N/A
2025-11-13 15:39:49,Kindervreugd,CLOSED,STANDBY,N/A
2025-11-13 15:39:49,Max & Moritz,OPERATING,STANDBY,5
2025-11-13 15:39:49,Max & Moritz,OPERATING,SINGLE_RIDER,0
2025-11-13 15:39:49,Anton Pieckplein,OPERATING,STANDBY,0
2025-11-13 15:39:49,Gondoletta,OPERATING,STANDBY,5
2025-11-13 15:39:49,De Oude Tufferbaan,OPERATING,STANDBY,5
2025-11-13 15:39:49,Python,OPERATING,STANDBY,5
2025-11-13 15:39:49,Python,OPERATING,SINGLE_RIDER,0
2025-11-13 15:39:49,Piraña,OPERATING,STANDBY,5
2025-11-13 15:39:49,Joris en de Draak,OPERATING,STANDBY,15
2025-11-13 15:39:49,Joris en de Draak,OPERATING,SINGLE_RIDER,0
2025-11-13 15:39:49,Carnaval Festival,OPERATING,STANDBY,5
2025-11-13 15:39:49,Vogel Rok,REFURBISHMENT,STANDBY,N/A
2025-11-13 15:39:49,Baron 1898,OPERATING,STANDBY,10
2025-11-13 15:39:49,Baron 1898,OPERATING,SINGLE_RIDER,15
2025-11-13 15:39:49,Pagode,OPERATING,STANDBY,5
2025-11-13 15:39:49,Symbolica,OPERATING,STANDBY,25
2025-11-13 15:39:49,Symbolica,OPERATING,SINGLE_RIDER,0
2025-11-13 15:39:49,Danse Macabre,OPERATING,STANDBY,13
2025-11-13 15:39:49,Danse Macabre,OPERATING,SINGLE_RIDER,0
2025-11-13 15:44:50,Droomvlucht,OPERATING,STANDBY,20
2025-11-13 15:44:50,Fata Morgana,OPERATING,STANDBY,5
2025-11-13 15:44:50,Villa Volta,OPERATING,STANDBY,5
2025-11-13 15:44:50,De Vliegende Hollander,OPERATING,STANDBY,5
2025-11-13 15:44:50,De Vliegende Hollander,OPERATING,SINGLE_RIDER,0
2025-11-13 15:44:50,Kleuterhof,OPERATING,STANDBY,0
2025-11-13 15:44:50,Nest!,OPERATING,STANDBY,0
2025-11-13 15:44:50,Archipel,OPERATING,STANDBY,0
2025-11-13 15:44:50,Sirocco,REFURBISHMENT,STANDBY,N/A
2025-11-13 15:44:50,Stoomtrein - Marerijk,OPERATING,STANDBY,25
2025-11-13 15:44:50,Volk van Laaf,OPERATING,STANDBY,0
2025-11-13 15:44:50,Fairytale Forest,OPERATING,STANDBY,0
2025-11-13 15:44:50,Stoomcarrousel,OPERATING,STANDBY,0
2025-11-13 15:44:50,Efteling Museum,OPERATING,STANDBY,0
2025-11-13 15:44:50,Halve Maen,OPERATING,STANDBY,5
2025-11-13 15:44:50,Stoomtrein - Oost,OPERATING,STANDBY,25
2025-11-13 15:44:50,Kinderspoor,OPERATING,STANDBY,5
2025-11-13 15:44:50,Diorama,OPERATING,STANDBY,0
2025-11-13 15:44:50,Fabula,OPERATING,STANDBY,10
2025-11-13 15:44:50,Monorail,CLOSED,STANDBY,N/A
2025-11-13 15:44:50,Kindervreugd,CLOSED,STANDBY,N/A
2025-11-13 15:44:50,Max & Moritz,OPERATING,STANDBY,5
2025-11-13 15:44:50,Max & Moritz,OPERATING,SINGLE_RIDER,0
2025-11-13 15:44:50,Anton Pieckplein,OPERATING,STANDBY,0
2025-11-13 15:44:50,Gondoletta,OPERATING,STANDBY,5
2025-11-13 15:44:50,De Oude Tufferbaan,OPERATING,STANDBY,5
2025-11-13 15:44:50,Python,OPERATING,STANDBY,5
2025-11-13 15:44:50,Python,OPERATING,SINGLE_RIDER,0
2025-11-13 15:44:50,Piraña,OPERATING,STANDBY,5
2025-11-13 15:44:50,Joris en de Draak,OPERATING,STANDBY,15
2025-11-13 15:44:50,Joris en de Draak,OPERATING,SINGLE_RIDER,0
2025-11-13 15:44:50,Carnaval Festival,OPERATING,STANDBY,5
2025-11-13 15:44:50,Vogel Rok,REFURBISHMENT,STANDBY,N/A
2025-11-13 15:44:50,Baron 1898,OPERATING,STANDBY,10
2025-11-13 15:44:50,Baron 1898,OPERATING,SINGLE_RIDER,15
2025-11-13 15:44:50,Pagode,OPERATING,STANDBY,5
2025-11-13 15:44:50,Symbolica,DOWN,STANDBY,0
2025-11-13 15:44:50,Symbolica,DOWN,SINGLE_RIDER,0
2025-11-13 15:44:50,Danse Macabre,OPERATING,STANDBY,13
2025-11-13 15:44:50,Danse Macabre,OPERATING,SINGLE_RIDER,0
2025-11-13 15:49:50,Droomvlucht,OPERATING,STANDBY,20
2025-11-13 15:49:50,Fata Morgana,OPERATING,STANDBY,5
2025-11-13 15:49:50,Villa Volta,OPERATING,STANDBY,5
2025-11-13 15:49:50,De Vliegende Hollander,OPERATING,STANDBY,5
2025-11-13 15:49:50,De Vliegende Hollander,OPERATING,SINGLE_RIDER,0
2025-11-13 15:49:50,Kleuterhof,OPERATING,STANDBY,0
2025-11-13 15:49:50,Nest!,OPERATING,STANDBY,0
2025-11-13 15:49:50,Archipel,OPERATING,STANDBY,0
2025-11-13 15:49:50,Sirocco,REFURBISHMENT,STANDBY,N/A
2025-11-13 15:49:50,Stoomtrein - Marerijk,OPERATING,STANDBY,25
2025-11-13 15:49:50,Volk van Laaf,OPERATING,STANDBY,0
2025-11-13 15:49:50,Fairytale Forest,OPERATING,STANDBY,0
2025-11-13 15:49:50,Stoomcarrousel,OPERATING,STANDBY,0
2025-11-13 15:49:50,Efteling Museum,OPERATING,STANDBY,0
2025-11-13 15:49:50,Halve Maen,OPERATING,STANDBY,5
2025-11-13 15:49:50,Stoomtrein - Oost,OPERATING,STANDBY,25
2025-11-13 15:49:50,Kinderspoor,OPERATING,STANDBY,10
2025-11-13 15:49:50,Diorama,OPERATING,STANDBY,0
2025-11-13 15:49:50,Fabula,OPERATING,STANDBY,10
2025-11-13 15:49:50,Monorail,CLOSED,STANDBY,N/A
2025-11-13 15:49:50,Kindervreugd,CLOSED,STANDBY,N/A
2025-11-13 15:49:50,Max & Moritz,OPERATING,STANDBY,5
2025-11-13 15:49:50,Max & Moritz,OPERATING,SINGLE_RIDER,0
2025-11-13 15:49:50,Anton Pieckplein,OPERATING,STANDBY,0
2025-11-13 15:49:50,Gondoletta,OPERATING,STANDBY,5
2025-11-13 15:49:50,De Oude Tufferbaan,OPERATING,STANDBY,10
2025-11-13 15:49:50,Python,OPERATING,STANDBY,0
2025-11-13 15:49:50,Python,OPERATING,SINGLE_RIDER,0
2025-11-13 15:49:50,Piraña,OPERATING,STANDBY,5
2025-11-13 15:49:50,Joris en de Draak,OPERATING,STANDBY,15
2025-11-13 15:49:50,Joris en de Draak,OPERATING,SINGLE_RIDER,0
2025-11-13 15:49:50,Carnaval Festival,OPERATING,STANDBY,5
2025-11-13 15:49:50,Vogel Rok,REFURBISHMENT,STANDBY,N/A
2025-11-13 15:49:50,Baron 1898,OPERATING,STANDBY,10
2025-11-13 15:49:50,Baron 1898,OPERATING,SINGLE_RIDER,15
2025-11-13 15:49:50,Pagode,OPERATING,STANDBY,5
2025-11-13 15:49:50,Symbolica,DOWN,STANDBY,0
2025-11-13 15:49:50,Symbolica,DOWN,SINGLE_RIDER,0
2025-11-13 15:49:50,Danse Macabre,OPERATING,STANDBY,13
2025-11-13 15:49:50,Danse Macabre,OPERATING,SINGLE_RIDER,0
2025-11-13 15:54:51,Droomvlucht,OPERATING,STANDBY,20
2025-11-13 15:54:51,Fata Morgana,OPERATING,STANDBY,5
2025-11-13 15:54:51,Villa Volta,OPERATING,STANDBY,5
2025-11-13 15:54:51,De Vliegende Hollander,OPERATING,STANDBY,15
2025-11-13 15:54:51,De Vliegende Hollander,OPERATING,SINGLE_RIDER,0
2025-11-13 15:54:51,Kleuterhof,OPERATING,STANDBY,0
2025-11-13 15:54:51,Nest!,OPERATING,STANDBY,0
2025-11-13 15:54:51,Archipel,OPERATING,STANDBY,0
2025-11-13 15:54:51,Sirocco,REFURBISHMENT,STANDBY,N/A
2025-11-13 15:54:51,Stoomtrein - Marerijk,OPERATING,STANDBY,25
2025-11-13 15:54:51,Volk van Laaf,OPERATING,STANDBY,0
2025-11-13 15:54:51,Fairytale Forest,OPERATING,STANDBY,0
2025-11-13 15:54:51,Stoomcarrousel,OPERATING,STANDBY,0
2025-11-13 15:54:51,Efteling Museum,OPERATING,STANDBY,0
2025-11-13 15:54:51,Halve Maen,OPERATING,STANDBY,5
2025-11-13 15:54:51,Stoomtrein - Oost,OPERATING,STANDBY,25
2025-11-13 15:54:51,Kinderspoor,OPERATING,STANDBY,10
2025-11-13 15:54:51,Diorama,OPERATING,STANDBY,0
2025-11-13 15:54:51,Fabula,OPERATING,STANDBY,10
2025-11-13 15:54:51,Monorail,CLOSED,STANDBY,N/A
2025-11-13 15:54:51,Kindervreugd,CLOSED,STANDBY,N/A
2025-11-13 15:54:51,Max & Moritz,OPERATING,STANDBY,5
2025-11-13 15:54:51,Max & Moritz,OPERATING,SINGLE_RIDER,0
2025-11-13 15:54:51,Anton Pieckplein,OPERATING,STANDBY,0
2025-11-13 15:54:51,Gondoletta,OPERATING,STANDBY,5
2025-11-13 15:54:51,De Oude Tufferbaan,OPERATING,STANDBY,10
2025-11-13 15:54:51,Python,OPERATING,STANDBY,0
2025-11-13 15:54:51,Python,OPERATING,SINGLE_RIDER,0
2025-11-13 15:54:51,Piraña,OPERATING,STANDBY,5
2025-11-13 15:54:51,Joris en de Draak,OPERATING,STANDBY,15
2025-11-13 15:54:51,Joris en de Draak,OPERATING,SINGLE_RIDER,0
2025-11-13 15:54:51,Carnaval Festival,OPERATING,STANDBY,5
2025-11-13 15:54:51,Vogel Rok,REFURBISHMENT,STANDBY,N/A
2025-11-13 15:54:51,Baron 1898,OPERATING,STANDBY,10
2025-11-13 15:54:51,Baron 1898,OPERATING,SINGLE_RIDER,15
2025-11-13 15:54:51,Pagode,OPERATING,STANDBY,5
2025-11-13 15:54:51,Symbolica,DOWN,STANDBY,0
2025-11-13 15:54:51,Symbolica,DOWN,SINGLE_RIDER,0
2025-11-13 15:54:51,Danse Macabre,OPERATING,STANDBY,13
2025-11-13 15:54:51,Danse Macabre,OPERATING,SINGLE_RIDER,0
2025-11-13 15:36:43,Droomvlucht,OPERATING,STANDBY,20
2025-11-13 15:36:43,Fata Morgana,OPERATING,STANDBY,5
2025-11-13 15:36:43,Villa Volta,OPERATING,STANDBY,5
2025-11-13 15:36:43,De Vliegende Hollander,OPERATING,STANDBY,10
2025-11-13 15:36:43,De Vliegende Hollander,OPERATING,SINGLE_RIDER,0
2025-11-13 15:36:43,Kleuterhof,OPERATING,STANDBY,0
2025-11-13 15:36:43,Nest!,OPERATING,STANDBY,0
2025-11-13 15:36:43,Archipel,OPERATING,STANDBY,0
2025-11-13 15:36:43,Sirocco,REFURBISHMENT,STANDBY,N/A
2025-11-13 15:36:43,Stoomtrein - Marerijk,OPERATING,STANDBY,25
2025-11-13 15:36:43,Volk van Laaf,OPERATING,STANDBY,0
2025-11-13 15:36:43,Fairytale Forest,OPERATING,STANDBY,0
2025-11-13 15:36:43,Stoomcarrousel,OPERATING,STANDBY,0
2025-11-13 15:36:43,Efteling Museum,OPERATING,STANDBY,0
2025-11-13 15:36:43,Halve Maen,OPERATING,STANDBY,5
2025-11-13 15:36:43,Stoomtrein - Oost,OPERATING,STANDBY,25
2025-11-13 15:36:43,Kinderspoor,OPERATING,STANDBY,5
2025-11-13 15:36:43,Diorama,OPERATING,STANDBY,0
2025-11-13 15:36:43,Fabula,OPERATING,STANDBY,10
2025-11-13 15:36:43,Monorail,CLOSED,STANDBY,N/A
2025-11-13 15:36:43,Kindervreugd,CLOSED,STANDBY,N/A
2025-11-13 15:36:43,Max & Moritz,OPERATING,STANDBY,5
2025-11-13 15:36:43,Max & Moritz,OPERATING,SINGLE_RIDER,0
2025-11-13 15:36:43,Anton Pieckplein,OPERATING,STANDBY,0
2025-11-13 15:36:43,Gondoletta,CLOSED,STANDBY,N/A
2025-11-13 15:36:43,Python,OPERATING,STANDBY,5
2025-11-13 15:36:43,Python,OPERATING,SINGLE_RIDER,0
2025-11-13 15:36:43,De Oude Tufferbaan,OPERATING,STANDBY,10
2025-11-13 15:36:43,Piraña,DOWN,STANDBY,0
2025-11-13 15:36:43,Joris en de Draak,OPERATING,STANDBY,10
2025-11-13 15:36:43,Joris en de Draak,OPERATING,SINGLE_RIDER,0
2025-11-13 15:36:43,Carnaval Festival,OPERATING,STANDBY,0
2025-11-13 15:36:43,Vogel Rok,REFURBISHMENT,STANDBY,N/A
2025-11-13 15:36:43,Baron 1898,OPERATING,STANDBY,15
2025-11-13 15:36:43,Baron 1898,OPERATING,SINGLE_RIDER,20
2025-11-13 15:36:43,Pagode,OPERATING,STANDBY,5
2025-11-13 15:36:43,Symbolica,OPERATING,STANDBY,20
2025-11-13 15:36:43,Symbolica,OPERATING,SINGLE_RIDER,0
2025-11-13 15:36:43,Danse Macabre,OPERATING,STANDBY,13
2025-11-13 15:36:43,Danse Macabre,OPERATING,SINGLE_RIDER,0
2025-11-13 15:40:52,Droomvlucht,OPERATING,STANDBY,20
2025-11-13 15:40:52,Fata Morgana,OPERATING,STANDBY,5
2025-11-13 15:40:52,Villa Volta,OPERATING,STANDBY,5
2025-11-13 15:40:52,De Vliegende Hollander,OPERATING,STANDBY,10
2025-11-13 15:40:52,De Vliegende Hollander,OPERATING,SINGLE_RIDER,0
2025-11-13 15:40:52,Kleuterhof,OPERATING,STANDBY,0
2025-11-13 15:40:52,Nest!,OPERATING,STANDBY,0
2025-11-13 15:40:52,Archipel,OPERATING,STANDBY,0
2025-11-13 15:40:52,Sirocco,REFURBISHMENT,STANDBY,N/A
2025-11-13 15:40:52,Stoomtrein - Marerijk,OPERATING,STANDBY,25
2025-11-13 15:40:52,Volk van Laaf,OPERATING,STANDBY,0
2025-11-13 15:40:52,Fairytale Forest,OPERATING,STANDBY,0
2025-11-13 15:40:52,Stoomcarrousel,OPERATING,STANDBY,0
2025-11-13 15:40:52,Efteling Museum,OPERATING,STANDBY,0
2025-11-13 15:40:52,Halve Maen,OPERATING,STANDBY,5
2025-11-13 15:40:52,Stoomtrein - Oost,OPERATING,STANDBY,25
2025-11-13 15:40:52,Kinderspoor,OPERATING,STANDBY,5
2025-11-13 15:40:52,Diorama,OPERATING,STANDBY,0
2025-11-13 15:40:52,Fabula,OPERATING,STANDBY,10
2025-11-13 15:40:52,Monorail,CLOSED,STANDBY,N/A
2025-11-13 15:40:52,Kindervreugd,CLOSED,STANDBY,N/A
2025-11-13 15:40:52,Max & Moritz,OPERATING,STANDBY,5
2025-11-13 15:40:52,Max & Moritz,OPERATING,SINGLE_RIDER,0
2025-11-13 15:40:52,Anton Pieckplein,OPERATING,STANDBY,0
2025-11-13 15:40:52,Gondoletta,CLOSED,STANDBY,N/A
2025-11-13 15:40:52,Python,OPERATING,STANDBY,5
2025-11-13 15:40:52,Python,OPERATING,SINGLE_RIDER,0
2025-11-13 15:40:52,De Oude Tufferbaan,OPERATING,STANDBY,10
2025-11-13 15:40:52,Piraña,OPERATING,STANDBY,10
2025-11-13 15:40:52,Joris en de Draak,OPERATING,STANDBY,10
2025-11-13 15:40:52,Joris en de Draak,OPERATING,SINGLE_RIDER,0
2025-11-13 15:40:52,Carnaval Festival,OPERATING,STANDBY,0
2025-11-13 15:40:52,Vogel Rok,REFURBISHMENT,STANDBY,N/A
2025-11-13 15:40:52,Baron 1898,OPERATING,STANDBY,10
2025-11-13 15:40:52,Baron 1898,OPERATING,SINGLE_RIDER,15
2025-11-13 15:40:52,Pagode,OPERATING,STANDBY,5
2025-11-13 15:40:52,Symbolica,OPERATING,STANDBY,20
2025-11-13 15:40:52,Symbolica,OPERATING,SINGLE_RIDER,0
2025-11-13 15:40:52,Danse Macabre,OPERATING,STANDBY,13
2025-11-13 15:40:52,Danse Macabre,OPERATING,SINGLE_RIDER,0
2025-11-13 15:51:21,Droomvlucht,OPERATING,STANDBY,20
2025-11-13 15:51:21,Fata Morgana,OPERATING,STANDBY,5
2025-11-13 15:51:21,Villa Volta,OPERATING,STANDBY,5
2025-11-13 15:51:21,De Vliegende Hollander,OPERATING,STANDBY,10
2025-11-13 15:51:21,De Vliegende Hollander,OPERATING,SINGLE_RIDER,0
2025-11-13 15:51:21,Kleuterhof,OPERATING,STANDBY,0
2025-11-13 15:51:21,Nest!,OPERATING,STANDBY,0
2025-11-13 15:51:21,Archipel,OPERATING,STANDBY,0
2025-11-13 15:51:21,Sirocco,REFURBISHMENT,STANDBY,N/A
2025-11-13 15:51:21,Stoomtrein - Marerijk,OPERATING,STANDBY,25
2025-11-13 15:51:21,Volk van Laaf,OPERATING,STANDBY,0
2025-11-13 15:51:21,Fairytale Forest,OPERATING,STANDBY,0
2025-11-13 15:51:21,Stoomcarrousel,OPERATING,STANDBY,0
2025-11-13 15:51:21,Efteling Museum,OPERATING,STANDBY,0
2025-11-13 15:51:21,Halve Maen,OPERATING,STANDBY,5
2025-11-13 15:51:21,Stoomtrein - Oost,OPERATING,STANDBY,25
2025-11-13 15:51:21,Kinderspoor,OPERATING,STANDBY,5
2025-11-13 15:51:21,Diorama,OPERATING,STANDBY,0
2025-11-13 15:51:21,Fabula,OPERATING,STANDBY,10
2025-11-13 15:51:21,Monorail,CLOSED,STANDBY,N/A
2025-11-13 15:51:21,Kindervreugd,CLOSED,STANDBY,N/A
2025-11-13 15:51:21,Max & Moritz,OPERATING,STANDBY,5
2025-11-13 15:51:21,Max & Moritz,OPERATING,SINGLE_RIDER,0
2025-11-13 15:51:21,Anton Pieckplein,OPERATING,STANDBY,0
2025-11-13 15:51:21,Gondoletta,CLOSED,STANDBY,N/A
2025-11-13 15:51:21,Python,OPERATING,STANDBY,5
2025-11-13 15:51:21,Python,OPERATING,SINGLE_RIDER,0
2025-11-13 15:51:21,De Oude Tufferbaan,OPERATING,STANDBY,10
2025-11-13 15:51:21,Piraña,OPERATING,STANDBY,10
2025-11-13 15:51:21,Joris en de Draak,OPERATING,STANDBY,15
2025-11-13 15:51:21,Joris en de Draak,OPERATING,SINGLE_RIDER,0
2025-11-13 15:51:21,Carnaval Festival,OPERATING,STANDBY,0
2025-11-13 15:51:21,Vogel Rok,REFURBISHMENT,STANDBY,N/A
2025-11-13 15:51:21,Baron 1898,OPERATING,STANDBY,15
2025-11-13 15:51:21,Baron 1898,OPERATING,SINGLE_RIDER,15
2025-11-13 15:51:21,Pagode,OPERATING,STANDBY,5
2025-11-13 15:51:21,Symbolica,OPERATING,STANDBY,15
2025-11-13 15:51:21,Symbolica,OPERATING,SINGLE_RIDER,0
2025-11-13 15:51:21,Danse Macabre,OPERATING,STANDBY,13
2025-11-13 15:51:21,Danse Macabre,OPERATING,SINGLE_RIDER,0
2025-11-13 16:21:04,Droomvlucht,OPERATING,STANDBY,5
2025-11-13 16:21:04,Fata Morgana,OPERATING,STANDBY,5
2025-11-13 16:21:04,Villa Volta,OPERATING,STANDBY,5
2025-11-13 16:21:04,De Vliegende Hollander,OPERATING,STANDBY,10
2025-11-13 16:21:04,De Vliegende Hollander,OPERATING,SINGLE_RIDER,0
2025-11-13 16:21:04,Kleuterhof,OPERATING,STANDBY,0
2025-11-13 16:21:04,Nest!,OPERATING,STANDBY,0
2025-11-13 16:21:04,Sirocco,REFURBISHMENT,STANDBY,N/A
2025-11-13 16:21:04,Stoomtrein - Marerijk,OPERATING,STANDBY,25
2025-11-13 16:21:04,Volk van Laaf,OPERATING,STANDBY,0
2025-11-13 16:21:04,Fairytale Forest,OPERATING,STANDBY,0
2025-11-13 16:21:04,Stoomcarrousel,OPERATING,STANDBY,0
2025-11-13 16:21:04,Efteling Museum,OPERATING,STANDBY,0
2025-11-13 16:21:04,Halve Maen,OPERATING,STANDBY,5
2025-11-13 16:21:04,Archipel,CLOSED,STANDBY,N/A
2025-11-13 16:21:04,Stoomtrein - Oost,OPERATING,STANDBY,25
2025-11-13 16:21:04,Kinderspoor,OPERATING,STANDBY,5
2025-11-13 16:21:04,Diorama,OPERATING,STANDBY,0
2025-11-13 16:21:04,Fabula,OPERATING,STANDBY,10
2025-11-13 16:21:04,Monorail,CLOSED,STANDBY,N/A
2025-11-13 16:21:04,Kindervreugd,CLOSED,STANDBY,N/A
2025-11-13 16:21:04,Max & Moritz,OPERATING,STANDBY,5
2025-11-13 16:21:04,Max & Moritz,OPERATING,SINGLE_RIDER,0
2025-11-13 16:21:04,Anton Pieckplein,OPERATING,STANDBY,0
2025-11-13 16:21:04,Gondoletta,CLOSED,STANDBY,N/A
2025-11-13 16:21:04,Python,OPERATING,STANDBY,5
2025-11-13 16:21:04,Python,OPERATING,SINGLE_RIDER,0
2025-11-13 16:21:04,De Oude Tufferbaan,OPERATING,STANDBY,5
2025-11-13 16:21:04,Piraña,OPERATING,STANDBY,10
2025-11-13 16:21:04,Joris en de Draak,DOWN,STANDBY,0
2025-11-13 16:21:04,Joris en de Draak,DOWN,SINGLE_RIDER,N/A
2025-11-13 16:21:04,Carnaval Festival,OPERATING,STANDBY,0
2025-11-13 16:21:04,Vogel Rok,REFURBISHMENT,STANDBY,N/A
2025-11-13 16:21:04,Pagode,OPERATING,STANDBY,5
2025-11-13 16:21:04,Baron 1898,OPERATING,STANDBY,10
2025-11-13 16:21:04,Baron 1898,OPERATING,SINGLE_RIDER,10
2025-11-13 16:21:04,Symbolica,OPERATING,STANDBY,15
2025-11-13 16:21:04,Symbolica,OPERATING,SINGLE_RIDER,0
2025-11-13 16:21:04,Danse Macabre,OPERATING,STANDBY,13
2025-11-13 16:21:04,Danse Macabre,OPERATING,SINGLE_RIDER,0
2025-11-13 16:47:48,Droomvlucht,OPERATING,STANDBY,0
2025-11-13 16:47:48,Fata Morgana,OPERATING,STANDBY,5
2025-11-13 16:47:48,Villa Volta,OPERATING,STANDBY,5
2025-11-13 16:47:48,De Vliegende Hollander,OPERATING,STANDBY,5
2025-11-13 16:47:48,De Vliegende Hollander,OPERATING,SINGLE_RIDER,0
2025-11-13 16:47:48,Kleuterhof,OPERATING,STANDBY,0
2025-11-13 16:47:48,Nest!,OPERATING,STANDBY,0
2025-11-13 16:47:48,Sirocco,REFURBISHMENT,STANDBY,N/A
2025-11-13 16:47:48,Stoomtrein - Marerijk,OPERATING,STANDBY,25
2025-11-13 16:47:48,Volk van Laaf,OPERATING,STANDBY,0
2025-11-13 16:47:48,Fairytale Forest,OPERATING,STANDBY,0
2025-11-13 16:47:48,Stoomcarrousel,OPERATING,STANDBY,0
2025-11-13 16:47:48,Efteling Museum,OPERATING,STANDBY,0
2025-11-13 16:47:48,Halve Maen,OPERATING,STANDBY,5
2025-11-13 16:47:48,Archipel,CLOSED,STANDBY,N/A
2025-11-13 16:47:48,Stoomtrein - Oost,OPERATING,STANDBY,25
2025-11-13 16:47:48,Kinderspoor,OPERATING,STANDBY,0
2025-11-13 16:47:48,Diorama,OPERATING,STANDBY,0
2025-11-13 16:47:48,Fabula,OPERATING,STANDBY,10
2025-11-13 16:47:48,Monorail,CLOSED,STANDBY,N/A
2025-11-13 16:47:48,Kindervreugd,CLOSED,STANDBY,N/A
2025-11-13 16:47:48,Max & Moritz,OPERATING,STANDBY,5
2025-11-13 16:47:48,Max & Moritz,OPERATING,SINGLE_RIDER,0
2025-11-13 16:47:48,Anton Pieckplein,OPERATING,STANDBY,0
2025-11-13 16:47:48,Gondoletta,CLOSED,STANDBY,N/A
2025-11-13 16:47:48,Python,OPERATING,STANDBY,5
2025-11-13 16:47:48,Python,OPERATING,SINGLE_RIDER,0
2025-11-13 16:47:48,De Oude Tufferbaan,OPERATING,STANDBY,0
2025-11-13 16:47:48,Piraña,OPERATING,STANDBY,5
2025-11-13 16:47:48,Joris en de Draak,OPERATING,STANDBY,10
2025-11-13 16:47:48,Joris en de Draak,OPERATING,SINGLE_RIDER,0
2025-11-13 16:47:48,Carnaval Festival,OPERATING,STANDBY,0
2025-11-13 16:47:48,Vogel Rok,REFURBISHMENT,STANDBY,N/A
2025-11-13 16:47:48,Baron 1898,OPERATING,STANDBY,5
2025-11-13 16:47:48,Baron 1898,OPERATING,SINGLE_RIDER,10
2025-11-13 16:47:48,Pagode,OPERATING,STANDBY,5
2025-11-13 16:47:48,Symbolica,OPERATING,STANDBY,15
2025-11-13 16:47:48,Symbolica,OPERATING,SINGLE_RIDER,0
2025-11-13 16:47:48,Danse Macabre,OPERATING,STANDBY,13
2025-11-13 16:47:48,Danse Macabre,OPERATING,SINGLE_RIDER,0
2025-11-14 09:41:36,Droomvlucht,OPERATING,STANDBY,0
2025-11-14 09:41:36,Fata Morgana,OPERATING,STANDBY,0
2025-11-14 09:41:36,Villa Volta,OPERATING,STANDBY,5
2025-11-14 09:41:36,De Vliegende Hollander,CLOSED,STANDBY,N/A
2025-11-14 09:41:36,De Vliegende Hollander,CLOSED,SINGLE_RIDER,N/A
2025-11-14 09:41:36,Kleuterhof,CLOSED,STANDBY,N/A
2025-11-14 09:41:36,Nest!,CLOSED,STANDBY,N/A
2025-11-14 09:41:36,Sirocco,REFURBISHMENT,STANDBY,N/A
2025-11-14 09:41:36,Stoomtrein - Marerijk,OPERATING,STANDBY,25
2025-11-14 09:41:36,Volk van Laaf,CLOSED,STANDBY,N/A
2025-11-14 09:41:36,Fairytale Forest,OPERATING,STANDBY,0
2025-11-14 09:41:36,Stoomcarrousel,CLOSED,STANDBY,N/A
2025-11-14 09:41:36,Efteling Museum,CLOSED,STANDBY,N/A
2025-11-14 09:41:36,Halve Maen,CLOSED,STANDBY,N/A
2025-11-14 09:41:36,Archipel,CLOSED,STANDBY,N/A
2025-11-14 09:41:36,Stoomtrein - Oost,OPERATING,STANDBY,25
2025-11-14 09:41:36,Kinderspoor,OPERATING,STANDBY,0
2025-11-14 09:41:36,Diorama,CLOSED,STANDBY,N/A
2025-11-14 09:41:36,Fabula,CLOSED,STANDBY,N/A
2025-11-14 09:41:36,Monorail,CLOSED,STANDBY,N/A
2025-11-14 09:41:36,Kindervreugd,CLOSED,STANDBY,N/A
2025-11-14 09:41:36,Max & Moritz,OPERATING,STANDBY,5
2025-11-14 09:41:36,Max & Moritz,OPERATING,SINGLE_RIDER,0
2025-11-14 09:41:36,Anton Pieckplein,CLOSED,STANDBY,N/A
2025-11-14 09:41:36,Gondoletta,CLOSED,STANDBY,N/A
2025-11-14 09:41:36,Python,OPERATING,STANDBY,5
2025-11-14 09:41:36,Python,OPERATING,SINGLE_RIDER,0
2025-11-14 09:41:36,De Oude Tufferbaan,CLOSED,STANDBY,N/A
2025-11-14 09:41:36,Piraña,CLOSED,STANDBY,N/A
2025-11-14 09:41:36,Joris en de Draak,CLOSED,STANDBY,N/A
2025-11-14 09:41:36,Joris en de Draak,CLOSED,SINGLE_RIDER,N/A
2025-11-14 09:41:36,Carnaval Festival,OPERATING,STANDBY,0
2025-11-14 09:41:36,Vogel Rok,REFURBISHMENT,STANDBY,N/A
2025-11-14 09:41:36,Baron 1898,OPERATING,STANDBY,5
2025-11-14 09:41:36,Baron 1898,OPERATING,SINGLE_RIDER,0
2025-11-14 09:41:36,Pagode,OPERATING,STANDBY,0
2025-11-14 09:41:36,Symbolica,CLOSED,STANDBY,N/A
2025-11-14 09:41:36,Symbolica,CLOSED,SINGLE_RIDER,N/A
2025-11-14 09:41:36,Danse Macabre,CLOSED,STANDBY,N/A
2025-11-14 09:41:36,Danse Macabre,CLOSED,SINGLE_RIDER,N/A
2025-11-14 09:50:56,Droomvlucht,OPERATING,STANDBY,0
2025-11-14 09:50:56,Fata Morgana,OPERATING,STANDBY,0
2025-11-14 09:50:56,Villa Volta,OPERATING,STANDBY,5
2025-11-14 09:50:56,De Vliegende Hollander,CLOSED,STANDBY,N/A
2025-11-14 09:50:56,De Vliegende Hollander,CLOSED,SINGLE_RIDER,N/A
2025-11-14 09:50:56,Kleuterhof,CLOSED,STANDBY,N/A
2025-11-14 09:50:56,Nest!,CLOSED,STANDBY,N/A
2025-11-14 09:50:56,Sirocco,REFURBISHMENT,STANDBY,N/A
2025-11-14 09:50:56,Stoomtrein - Marerijk,OPERATING,STANDBY,25
2025-11-14 09:50:56,Volk van Laaf,CLOSED,STANDBY,N/A
2025-11-14 09:50:56,Fairytale Forest,OPERATING,STANDBY,0
2025-11-14 09:50:56,Stoomcarrousel,CLOSED,STANDBY,N/A
2025-11-14 09:50:56,Efteling Museum,CLOSED,STANDBY,N/A
2025-11-14 09:50:56,Halve Maen,CLOSED,STANDBY,N/A
2025-11-14 09:50:56,Archipel,OPERATING,STANDBY,0
2025-11-14 09:50:56,Stoomtrein - Oost,OPERATING,STANDBY,25
2025-11-14 09:50:56,Kinderspoor,OPERATING,STANDBY,0
2025-11-14 09:50:56,Diorama,CLOSED,STANDBY,N/A
2025-11-14 09:50:56,Fabula,CLOSED,STANDBY,N/A
2025-11-14 09:50:56,Monorail,CLOSED,STANDBY,N/A
2025-11-14 09:50:56,Kindervreugd,CLOSED,STANDBY,N/A
2025-11-14 09:50:56,Max & Moritz,OPERATING,STANDBY,5
2025-11-14 09:50:56,Max & Moritz,OPERATING,SINGLE_RIDER,0
2025-11-14 09:50:56,Anton Pieckplein,CLOSED,STANDBY,N/A
2025-11-14 09:50:56,Gondoletta,CLOSED,STANDBY,N/A
2025-11-14 09:50:56,Python,OPERATING,STANDBY,5
2025-11-14 09:50:56,Python,OPERATING,SINGLE_RIDER,0
2025-11-14 09:50:56,De Oude Tufferbaan,CLOSED,STANDBY,N/A
2025-11-14 09:50:56,Piraña,CLOSED,STANDBY,N/A
2025-11-14 09:50:56,Joris en de Draak,DOWN,STANDBY,0
2025-11-14 09:50:56,Joris en de Draak,DOWN,SINGLE_RIDER,N/A
2025-11-14 09:50:56,Carnaval Festival,OPERATING,STANDBY,0
2025-11-14 09:50:56,Vogel Rok,REFURBISHMENT,STANDBY,N/A
2025-11-14 09:50:56,Baron 1898,OPERATING,STANDBY,5
2025-11-14 09:50:56,Baron 1898,OPERATING,SINGLE_RIDER,0
2025-11-14 09:50:56,Pagode,OPERATING,STANDBY,0
2025-11-14 09:50:56,Symbolica,CLOSED,STANDBY,N/A
2025-11-14 09:50:56,Symbolica,CLOSED,SINGLE_RIDER,N/A
2025-11-14 09:50:56,Danse Macabre,CLOSED,STANDBY,N/A
2025-11-14 09:50:56,Danse Macabre,CLOSED,SINGLE_RIDER,N/A
2025-11-14 10:19:26,Droomvlucht,OPERATING,STANDBY,5
2025-11-14 10:19:26,Fata Morgana,OPERATING,STANDBY,5
2025-11-14 10:19:26,Villa Volta,OPERATING,STANDBY,5
2025-11-14 10:19:26,De Vliegende Hollander,OPERATING,STANDBY,5
2025-11-14 10:19:26,De Vliegende Hollander,OPERATING,SINGLE_RIDER,0
2025-11-14 10:19:26,Kleuterhof,CLOSED,STANDBY,N/A
2025-11-14 10:19:26,Nest!,OPERATING,STANDBY,0
2025-11-14 10:19:26,Sirocco,REFURBISHMENT,STANDBY,N/A
2025-11-14 10:19:26,Stoomtrein - Marerijk,OPERATING,STANDBY,25
2025-11-14 10:19:26,Volk van Laaf,OPERATING,STANDBY,0
2025-11-14 10:19:26,Fairytale Forest,OPERATING,STANDBY,0
2025-11-14 10:19:26,Stoomcarrousel,OPERATING,STANDBY,0
2025-11-14 10:19:26,Efteling Museum,OPERATING,STANDBY,0
2025-11-14 10:19:26,Halve Maen,OPERATING,STANDBY,0
2025-11-14 10:19:26,Archipel,OPERATING,STANDBY,0
2025-11-14 10:19:26,Stoomtrein - Oost,OPERATING,STANDBY,25
2025-11-14 10:19:26,Kinderspoor,OPERATING,STANDBY,0
2025-11-14 10:19:26,Diorama,OPERATING,STANDBY,0
2025-11-14 10:19:26,Fabula,OPERATING,STANDBY,10
2025-11-14 10:19:26,Monorail,CLOSED,STANDBY,N/A
2025-11-14 10:19:26,Kindervreugd,CLOSED,STANDBY,N/A
2025-11-14 10:19:26,Max & Moritz,OPERATING,STANDBY,5
2025-11-14 10:19:26,Max & Moritz,OPERATING,SINGLE_RIDER,0
2025-11-14 10:19:26,Anton Pieckplein,OPERATING,STANDBY,0
2025-11-14 10:19:26,Gondoletta,OPERATING,STANDBY,0
2025-11-14 10:19:26,Python,OPERATING,STANDBY,5
2025-11-14 10:19:26,Python,OPERATING,SINGLE_RIDER,0
2025-11-14 10:19:26,De Oude Tufferbaan,OPERATING,STANDBY,5
2025-11-14 10:19:26,Piraña,OPERATING,STANDBY,0
2025-11-14 10:19:26,Joris en de Draak,OPERATING,STANDBY,5
2025-11-14 10:19:26,Joris en de Draak,OPERATING,SINGLE_RIDER,0
2025-11-14 10:19:26,Carnaval Festival,OPERATING,STANDBY,0
2025-11-14 10:19:26,Vogel Rok,REFURBISHMENT,STANDBY,N/A
2025-11-14 10:19:26,Pagode,OPERATING,STANDBY,0
2025-11-14 10:19:26,Baron 1898,DOWN,STANDBY,0
2025-11-14 10:19:26,Baron 1898,DOWN,SINGLE_RIDER,N/A
2025-11-14 10:19:26,Symbolica,OPERATING,STANDBY,25
2025-11-14 10:19:26,Symbolica,OPERATING,SINGLE_RIDER,0
2025-11-14 10:19:26,Danse Macabre,OPERATING,STANDBY,40
2025-11-14 10:19:26,Danse Macabre,OPERATING,SINGLE_RIDER,0
2025-11-14 10:43:54,Droomvlucht,OPERATING,STANDBY,5
2025-11-14 10:43:54,Fata Morgana,OPERATING,STANDBY,10
2025-11-14 10:43:54,Villa Volta,OPERATING,STANDBY,5
2025-11-14 10:43:54,De Vliegende Hollander,OPERATING,STANDBY,5
2025-11-14 10:43:54,De Vliegende Hollander,OPERATING,SINGLE_RIDER,0
2025-11-14 10:43:54,Kleuterhof,CLOSED,STANDBY,N/A
2025-11-14 10:43:54,Nest!,OPERATING,STANDBY,0
2025-11-14 10:43:54,Sirocco,REFURBISHMENT,STANDBY,N/A
2025-11-14 10:43:54,Stoomtrein - Marerijk,OPERATING,STANDBY,25
2025-11-14 10:43:54,Volk van Laaf,OPERATING,STANDBY,0
2025-11-14 10:43:54,Fairytale Forest,OPERATING,STANDBY,0
2025-11-14 10:43:54,Stoomcarrousel,OPERATING,STANDBY,0
2025-11-14 10:43:54,Efteling Museum,OPERATING,STANDBY,0
2025-11-14 10:43:54,Halve Maen,OPERATING,STANDBY,0
2025-11-14 10:43:54,Archipel,OPERATING,STANDBY,0
2025-11-14 10:43:54,Stoomtrein - Oost,OPERATING,STANDBY,25
2025-11-14 10:43:54,Kinderspoor,OPERATING,STANDBY,0
2025-11-14 10:43:54,Diorama,OPERATING,STANDBY,0
2025-11-14 10:43:54,Fabula,OPERATING,STANDBY,10
2025-11-14 10:43:54,Monorail,CLOSED,STANDBY,N/A
2025-11-14 10:43:54,Kindervreugd,CLOSED,STANDBY,N/A
2025-11-14 10:43:54,Max & Moritz,OPERATING,STANDBY,5
2025-11-14 10:43:54,Max & Moritz,OPERATING,SINGLE_RIDER,0
2025-11-14 10:43:54,Anton Pieckplein,OPERATING,STANDBY,0
2025-11-14 10:43:54,Gondoletta,OPERATING,STANDBY,0
2025-11-14 10:43:54,Python,OPERATING,STANDBY,5
2025-11-14 10:43:54,Python,OPERATING,SINGLE_RIDER,0
2025-11-14 10:43:54,De Oude Tufferbaan,OPERATING,STANDBY,5
2025-11-14 10:43:54,Piraña,OPERATING,STANDBY,0
2025-11-14 10:43:54,Joris en de Draak,OPERATING,STANDBY,5
2025-11-14 10:43:54,Joris en de Draak,OPERATING,SINGLE_RIDER,0
2025-11-14 10:43:54,Carnaval Festival,OPERATING,STANDBY,0
2025-11-14 10:43:54,Vogel Rok,REFURBISHMENT,STANDBY,N/A
2025-11-14 10:43:54,Baron 1898,OPERATING,STANDBY,15
2025-11-14 10:43:54,Baron 1898,OPERATING,SINGLE_RIDER,5
2025-11-14 10:43:54,Pagode,OPERATING,STANDBY,5
2025-11-14 10:43:54,Symbolica,OPERATING,STANDBY,20
2025-11-14 10:43:54,Symbolica,OPERATING,SINGLE_RIDER,0
2025-11-14 10:43:54,Danse Macabre,OPERATING,STANDBY,25
2025-11-14 10:43:54,Danse Macabre,OPERATING,SINGLE_RIDER,0
2025-11-14 10:53:55,Droomvlucht,OPERATING,STANDBY,10
2025-11-14 10:53:55,Fata Morgana,OPERATING,STANDBY,5
2025-11-14 10:53:55,Villa Volta,OPERATING,STANDBY,5
2025-11-14 10:53:55,De Vliegende Hollander,OPERATING,STANDBY,5
2025-11-14 10:53:55,De Vliegende Hollander,OPERATING,SINGLE_RIDER,0
2025-11-14 10:53:55,Kleuterhof,CLOSED,STANDBY,N/A
2025-11-14 10:53:55,Nest!,OPERATING,STANDBY,0
2025-11-14 10:53:55,Sirocco,REFURBISHMENT,STANDBY,N/A
2025-11-14 10:53:55,Stoomtrein - Marerijk,OPERATING,STANDBY,25
2025-11-14 10:53:55,Volk van Laaf,OPERATING,STANDBY,0
2025-11-14 10:53:55,Fairytale Forest,OPERATING,STANDBY,0
2025-11-14 10:53:55,Stoomcarrousel,OPERATING,STANDBY,0
2025-11-14 10:53:55,Efteling Museum,OPERATING,STANDBY,0
2025-11-14 10:53:55,Halve Maen,OPERATING,STANDBY,0
2025-11-14 10:53:55,Archipel,OPERATING,STANDBY,0
2025-11-14 10:53:55,Stoomtrein - Oost,OPERATING,STANDBY,25
2025-11-14 10:53:55,Kinderspoor,OPERATING,STANDBY,0
2025-11-14 10:53:55,Diorama,OPERATING,STANDBY,0
2025-11-14 10:53:55,Fabula,OPERATING,STANDBY,10
2025-11-14 10:53:55,Monorail,CLOSED,STANDBY,N/A
2025-11-14 10:53:55,Kindervreugd,CLOSED,STANDBY,N/A
2025-11-14 10:53:55,Max & Moritz,OPERATING,STANDBY,5
2025-11-14 10:53:55,Max & Moritz,OPERATING,SINGLE_RIDER,0
2025-11-14 10:53:55,Anton Pieckplein,OPERATING,STANDBY,0
2025-11-14 10:53:55,Gondoletta,OPERATING,STANDBY,0
2025-11-14 10:53:55,Python,OPERATING,STANDBY,5
2025-11-14 10:53:55,Python,OPERATING,SINGLE_RIDER,0
2025-11-14 10:53:55,De Oude Tufferbaan,OPERATING,STANDBY,5
2025-11-14 10:53:55,Piraña,OPERATING,STANDBY,0
2025-11-14 10:53:55,Joris en de Draak,OPERATING,STANDBY,5
2025-11-14 10:53:55,Joris en de Draak,OPERATING,SINGLE_RIDER,0
2025-11-14 10:53:55,Carnaval Festival,OPERATING,STANDBY,0
2025-11-14 10:53:55,Vogel Rok,REFURBISHMENT,STANDBY,N/A
2025-11-14 10:53:55,Pagode,OPERATING,STANDBY,5
2025-11-14 10:53:55,Baron 1898,OPERATING,STANDBY,20
2025-11-14 10:53:55,Baron 1898,OPERATING,SINGLE_RIDER,15
2025-11-14 10:53:55,Symbolica,OPERATING,STANDBY,20
2025-11-14 10:53:55,Symbolica,OPERATING,SINGLE_RIDER,0
2025-11-14 10:53:55,Danse Macabre,OPERATING,STANDBY,30
2025-11-14 10:53:55,Danse Macabre,OPERATING,SINGLE_RIDER,0
2025-11-14 11:14:26,Droomvlucht,OPERATING,STANDBY,10
2025-11-14 11:14:26,Fata Morgana,OPERATING,STANDBY,5
2025-11-14 11:14:26,Villa Volta,OPERATING,STANDBY,5
2025-11-14 11:14:26,De Vliegende Hollander,OPERATING,STANDBY,5
2025-11-14 11:14:26,De Vliegende Hollander,OPERATING,SINGLE_RIDER,0
2025-11-14 11:14:26,Kleuterhof,CLOSED,STANDBY,N/A
2025-11-14 11:14:26,Nest!,OPERATING,STANDBY,0
2025-11-14 11:14:26,Sirocco,REFURBISHMENT,STANDBY,N/A
2025-11-14 11:14:26,Stoomtrein - Marerijk,OPERATING,STANDBY,25
2025-11-14 11:14:26,Volk van Laaf,OPERATING,STANDBY,0
2025-11-14 11:14:26,Fairytale Forest,OPERATING,STANDBY,0
2025-11-14 11:14:26,Stoomcarrousel,OPERATING,STANDBY,0
2025-11-14 11:14:26,Efteling Museum,OPERATING,STANDBY,0
2025-11-14 11:14:26,Halve Maen,OPERATING,STANDBY,0
2025-11-14 11:14:26,Archipel,OPERATING,STANDBY,0
2025-11-14 11:14:26,Stoomtrein - Oost,OPERATING,STANDBY,25
2025-11-14 11:14:26,Kinderspoor,OPERATING,STANDBY,0
2025-11-14 11:14:26,Diorama,OPERATING,STANDBY,0
2025-11-14 11:14:26,Fabula,OPERATING,STANDBY,10
2025-11-14 11:14:26,Monorail,CLOSED,STANDBY,N/A
2025-11-14 11:14:26,Kindervreugd,CLOSED,STANDBY,N/A
2025-11-14 11:14:26,Max & Moritz,OPERATING,STANDBY,10
2025-11-14 11:14:26,Max & Moritz,OPERATING,SINGLE_RIDER,0
2025-11-14 11:14:26,Anton Pieckplein,OPERATING,STANDBY,0
2025-11-14 11:14:26,Gondoletta,OPERATING,STANDBY,0
2025-11-14 11:14:26,Python,OPERATING,STANDBY,5
2025-11-14 11:14:26,Python,OPERATING,SINGLE_RIDER,0
2025-11-14 11:14:26,De Oude Tufferbaan,OPERATING,STANDBY,5
2025-11-14 11:14:26,Piraña,OPERATING,STANDBY,0
2025-11-14 11:14:26,Joris en de Draak,OPERATING,STANDBY,5
2025-11-14 11:14:26,Joris en de Draak,OPERATING,SINGLE_RIDER,0
2025-11-14 11:14:26,Carnaval Festival,OPERATING,STANDBY,0
2025-11-14 11:14:26,Vogel Rok,REFURBISHMENT,STANDBY,N/A
2025-11-14 11:14:26,Pagode,OPERATING,STANDBY,5
2025-11-14 11:14:26,Baron 1898,OPERATING,STANDBY,20
2025-11-14 11:14:26,Baron 1898,OPERATING,SINGLE_RIDER,15
2025-11-14 11:14:26,Symbolica,OPERATING,STANDBY,20
2025-11-14 11:14:26,Symbolica,OPERATING,SINGLE_RIDER,0
2025-11-14 11:14:26,Danse Macabre,OPERATING,STANDBY,30
2025-11-14 11:14:26,Danse Macabre,OPERATING,SINGLE_RIDER,0
2025-11-14 11:29:39,Droomvlucht,OPERATING,STANDBY,5
2025-11-14 11:29:39,Fata Morgana,OPERATING,STANDBY,5
2025-11-14 11:29:39,Villa Volta,OPERATING,STANDBY,5
2025-11-14 11:29:39,De Vliegende Hollander,OPERATING,STANDBY,10
2025-11-14 11:29:39,De Vliegende Hollander,OPERATING,SINGLE_RIDER,0
2025-11-14 11:29:39,Kleuterhof,CLOSED,STANDBY,N/A
2025-11-14 11:29:39,Nest!,OPERATING,STANDBY,0
2025-11-14 11:29:39,Sirocco,REFURBISHMENT,STANDBY,N/A
2025-11-14 11:29:39,Stoomtrein - Marerijk,OPERATING,STANDBY,25
2025-11-14 11:29:39,Volk van Laaf,OPERATING,STANDBY,0
2025-11-14 11:29:39,Fairytale Forest,OPERATING,STANDBY,0
2025-11-14 11:29:39,Stoomcarrousel,OPERATING,STANDBY,0
2025-11-14 11:29:39,Efteling Museum,OPERATING,STANDBY,0
2025-11-14 11:29:39,Halve Maen,OPERATING,STANDBY,0
2025-11-14 11:29:39,Archipel,OPERATING,STANDBY,0
2025-11-14 11:29:39,Stoomtrein - Oost,OPERATING,STANDBY,25
2025-11-14 11:29:39,Kinderspoor,OPERATING,STANDBY,0
2025-11-14 11:29:39,Diorama,OPERATING,STANDBY,0
2025-11-14 11:29:39,Fabula,OPERATING,STANDBY,10
2025-11-14 11:29:39,Monorail,CLOSED,STANDBY,N/A
2025-11-14 11:29:39,Kindervreugd,CLOSED,STANDBY,N/A
2025-11-14 11:29:39,Max & Moritz,OPERATING,STANDBY,5
2025-11-14 11:29:39,Max & Moritz,OPERATING,SINGLE_RIDER,0
2025-11-14 11:29:39,Anton Pieckplein,OPERATING,STANDBY,0
2025-11-14 11:29:39,Gondoletta,OPERATING,STANDBY,0
2025-11-14 11:29:39,Python,OPERATING,STANDBY,5
2025-11-14 11:29:39,Python,OPERATING,SINGLE_RIDER,0
2025-11-14 11:29:39,De Oude Tufferbaan,OPERATING,STANDBY,10
2025-11-14 11:29:39,Piraña,OPERATING,STANDBY,0
2025-11-14 11:29:39,Joris en de Draak,OPERATING,STANDBY,10
2025-11-14 11:29:39,Joris en de Draak,OPERATING,SINGLE_RIDER,0
2025-11-14 11:29:39,Carnaval Festival,OPERATING,STANDBY,5
2025-11-14 11:29:39,Vogel Rok,REFURBISHMENT,STANDBY,N/A
2025-11-14 11:29:39,Pagode,OPERATING,STANDBY,5
2025-11-14 11:29:39,Baron 1898,OPERATING,STANDBY,15
2025-11-14 11:29:39,Baron 1898,OPERATING,SINGLE_RIDER,10
2025-11-14 11:29:39,Symbolica,OPERATING,STANDBY,20
2025-11-14 11:29:39,Symbolica,OPERATING,SINGLE_RIDER,0
2025-11-14 11:29:39,Danse Macabre,OPERATING,STANDBY,25
2025-11-14 11:29:39,Danse Macabre,OPERATING,SINGLE_RIDER,0
2025-11-14 11:41:32,Droomvlucht,OPERATING,STANDBY,5
2025-11-14 11:41:32,Fata Morgana,OPERATING,STANDBY,5
2025-11-14 11:41:32,Villa Volta,OPERATING,STANDBY,5
2025-11-14 11:41:32,De Vliegende Hollander,OPERATING,STANDBY,10
2025-11-14 11:41:32,De Vliegende Hollander,OPERATING,SINGLE_RIDER,0
2025-11-14 11:41:32,Kleuterhof,OPERATING,STANDBY,0
2025-11-14 11:41:32,Nest!,OPERATING,STANDBY,0
2025-11-14 11:41:32,Sirocco,REFURBISHMENT,STANDBY,N/A
2025-11-14 11:41:32,Stoomtrein - Marerijk,OPERATING,STANDBY,25
2025-11-14 11:41:32,Volk van Laaf,OPERATING,STANDBY,0
2025-11-14 11:41:32,Fairytale Forest,OPERATING,STANDBY,0
2025-11-14 11:41:32,Stoomcarrousel,OPERATING,STANDBY,0
2025-11-14 11:41:32,Efteling Museum,OPERATING,STANDBY,0
2025-11-14 11:41:32,Halve Maen,OPERATING,STANDBY,0
2025-11-14 11:41:32,Archipel,OPERATING,STANDBY,0
2025-11-14 11:41:32,Stoomtrein - Oost,OPERATING,STANDBY,25
2025-11-14 11:41:32,Kinderspoor,OPERATING,STANDBY,0
2025-11-14 11:41:32,Diorama,OPERATING,STANDBY,0
2025-11-14 11:41:32,Fabula,OPERATING,STANDBY,10
2025-11-14 11:41:32,Monorail,CLOSED,STANDBY,N/A
2025-11-14 11:41:32,Kindervreugd,CLOSED,STANDBY,N/A
2025-11-14 11:41:32,Max & Moritz,OPERATING,STANDBY,5
2025-11-14 11:41:32,Max & Moritz,OPERATING,SINGLE_RIDER,0
2025-11-14 11:41:32,Anton Pieckplein,OPERATING,STANDBY,0
2025-11-14 11:41:32,Gondoletta,OPERATING,STANDBY,0
2025-11-14 11:41:32,Python,OPERATING,STANDBY,5
2025-11-14 11:41:32,Python,OPERATING,SINGLE_RIDER,0
2025-11-14 11:41:32,De Oude Tufferbaan,OPERATING,STANDBY,10
2025-11-14 11:41:32,Piraña,OPERATING,STANDBY,5
2025-11-14 11:41:32,Joris en de Draak,OPERATING,STANDBY,15
2025-11-14 11:41:32,Joris en de Draak,OPERATING,SINGLE_RIDER,0
2025-11-14 11:41:32,Carnaval Festival,OPERATING,STANDBY,5
2025-11-14 11:41:32,Vogel Rok,REFURBISHMENT,STANDBY,N/A
2025-11-14 11:41:32,Pagode,OPERATING,STANDBY,5
2025-11-14 11:41:32,Baron 1898,OPERATING,STANDBY,15
2025-11-14 11:41:32,Baron 1898,OPERATING,SINGLE_RIDER,10
2025-11-14 11:41:32,Symbolica,OPERATING,STANDBY,20
2025-11-14 11:41:32,Symbolica,OPERATING,SINGLE_RIDER,0
2025-11-14 11:41:32,Danse Macabre,OPERATING,STANDBY,30
2025-11-14 11:41:32,Danse Macabre,OPERATING,SINGLE_RIDER,0
2025-11-14 11:51:03,Droomvlucht,OPERATING,STANDBY,5
2025-11-14 11:51:03,Fata Morgana,OPERATING,STANDBY,5
2025-11-14 11:51:03,Villa Volta,OPERATING,STANDBY,5
2025-11-14 11:51:03,De Vliegende Hollander,OPERATING,STANDBY,10
2025-11-14 11:51:03,De Vliegende Hollander,OPERATING,SINGLE_RIDER,0
2025-11-14 11:51:03,Kleuterhof,OPERATING,STANDBY,0
2025-11-14 11:51:03,Nest!,OPERATING,STANDBY,0
2025-11-14 11:51:03,Sirocco,REFURBISHMENT,STANDBY,N/A
2025-11-14 11:51:03,Stoomtrein - Marerijk,OPERATING,STANDBY,25
2025-11-14 11:51:03,Volk van Laaf,OPERATING,STANDBY,0
2025-11-14 11:51:03,Fairytale Forest,OPERATING,STANDBY,0
2025-11-14 11:51:03,Stoomcarrousel,OPERATING,STANDBY,0
2025-11-14 11:51:03,Efteling Museum,OPERATING,STANDBY,0
2025-11-14 11:51:03,Halve Maen,OPERATING,STANDBY,0
2025-11-14 11:51:03,Archipel,OPERATING,STANDBY,0
2025-11-14 11:51:03,Stoomtrein - Oost,OPERATING,STANDBY,25
2025-11-14 11:51:03,Kinderspoor,OPERATING,STANDBY,0
2025-11-14 11:51:03,Diorama,OPERATING,STANDBY,0
2025-11-14 11:51:03,Fabula,OPERATING,STANDBY,10
2025-11-14 11:51:03,Monorail,CLOSED,STANDBY,N/A
2025-11-14 11:51:03,Kindervreugd,CLOSED,STANDBY,N/A
2025-11-14 11:51:03,Max & Moritz,OPERATING,STANDBY,5
2025-11-14 11:51:03,Max & Moritz,OPERATING,SINGLE_RIDER,0
2025-11-14 11:51:03,Anton Pieckplein,OPERATING,STANDBY,0
2025-11-14 11:51:03,Gondoletta,OPERATING,STANDBY,0
2025-11-14 11:51:03,Python,OPERATING,STANDBY,5
2025-11-14 11:51:03,Python,OPERATING,SINGLE_RIDER,0
2025-11-14 11:51:03,De Oude Tufferbaan,OPERATING,STANDBY,5
2025-11-14 11:51:03,Piraña,OPERATING,STANDBY,5
2025-11-14 11:51:03,Joris en de Draak,OPERATING,STANDBY,15
2025-11-14 11:51:03,Joris en de Draak,OPERATING,SINGLE_RIDER,0
2025-11-14 11:51:03,Carnaval Festival,OPERATING,STANDBY,5
2025-11-14 11:51:03,Vogel Rok,REFURBISHMENT,STANDBY,N/A
2025-11-14 11:51:03,Pagode,OPERATING,STANDBY,5
2025-11-14 11:51:03,Baron 1898,OPERATING,STANDBY,10
2025-11-14 11:51:03,Baron 1898,OPERATING,SINGLE_RIDER,15
2025-11-14 11:51:03,Symbolica,DOWN,STANDBY,0
2025-11-14 11:51:03,Symbolica,DOWN,SINGLE_RIDER,N/A
2025-11-14 11:51:03,Danse Macabre,OPERATING,STANDBY,25
2025-11-14 11:51:03,Danse Macabre,OPERATING,SINGLE_RIDER,0
2025-11-14 12:35:33,Droomvlucht,OPERATING,STANDBY,5
2025-11-14 12:35:33,Fata Morgana,OPERATING,STANDBY,5
2025-11-14 12:35:33,Villa Volta,OPERATING,STANDBY,5
2025-11-14 12:35:33,De Vliegende Hollander,OPERATING,STANDBY,5
2025-11-14 12:35:33,De Vliegende Hollander,OPERATING,SINGLE_RIDER,0
2025-11-14 12:35:33,Kleuterhof,OPERATING,STANDBY,0
2025-11-14 12:35:33,Nest!,OPERATING,STANDBY,0
2025-11-14 12:35:33,Sirocco,REFURBISHMENT,STANDBY,N/A
2025-11-14 12:35:33,Stoomtrein - Marerijk,OPERATING,STANDBY,25
2025-11-14 12:35:33,Volk van Laaf,OPERATING,STANDBY,0
2025-11-14 12:35:33,Fairytale Forest,OPERATING,STANDBY,0
2025-11-14 12:35:33,Stoomcarrousel,OPERATING,STANDBY,0
2025-11-14 12:35:33,Efteling Museum,OPERATING,STANDBY,0
2025-11-14 12:35:33,Halve Maen,OPERATING,STANDBY,0
2025-11-14 12:35:33,Archipel,OPERATING,STANDBY,0
2025-11-14 12:35:33,Stoomtrein - Oost,OPERATING,STANDBY,25
2025-11-14 12:35:33,Kinderspoor,OPERATING,STANDBY,0
2025-11-14 12:35:33,Diorama,OPERATING,STANDBY,0
2025-11-14 12:35:33,Fabula,OPERATING,STANDBY,10
2025-11-14 12:35:33,Monorail,CLOSED,STANDBY,N/A
2025-11-14 12:35:33,Kindervreugd,CLOSED,STANDBY,N/A
2025-11-14 12:35:33,Max & Moritz,OPERATING,STANDBY,5
2025-11-14 12:35:33,Max & Moritz,OPERATING,SINGLE_RIDER,0
2025-11-14 12:35:33,Anton Pieckplein,OPERATING,STANDBY,0
2025-11-14 12:35:33,Gondoletta,OPERATING,STANDBY,5
2025-11-14 12:35:33,Python,OPERATING,STANDBY,5
2025-11-14 12:35:33,Python,OPERATING,SINGLE_RIDER,0
2025-11-14 12:35:33,De Oude Tufferbaan,OPERATING,STANDBY,10
2025-11-14 12:35:33,Piraña,OPERATING,STANDBY,5
2025-11-14 12:35:33,Joris en de Draak,OPERATING,STANDBY,5
2025-11-14 12:35:33,Joris en de Draak,OPERATING,SINGLE_RIDER,0
2025-11-14 12:35:33,Carnaval Festival,OPERATING,STANDBY,10
2025-11-14 12:35:33,Vogel Rok,REFURBISHMENT,STANDBY,N/A
2025-11-14 12:35:33,Pagode,OPERATING,STANDBY,5
2025-11-14 12:35:33,Baron 1898,OPERATING,STANDBY,25
2025-11-14 12:35:33,Baron 1898,OPERATING,SINGLE_RIDER,20
2025-11-14 12:35:33,Symbolica,OPERATING,STANDBY,20
2025-11-14 12:35:33,Symbolica,OPERATING,SINGLE_RIDER,0
2025-11-14 12:35:33,Danse Macabre,OPERATING,STANDBY,13
2025-11-14 12:35:33,Danse Macabre,OPERATING,SINGLE_RIDER,0
2025-11-14 13:18:34,Droomvlucht,OPERATING,STANDBY,10
2025-11-14 13:18:34,Fata Morgana,OPERATING,STANDBY,5
2025-11-14 13:18:34,Villa Volta,OPERATING,STANDBY,5
2025-11-14 13:18:34,De Vliegende Hollander,OPERATING,STANDBY,5
2025-11-14 13:18:34,De Vliegende Hollander,OPERATING,SINGLE_RIDER,0
2025-11-14 13:18:34,Kleuterhof,OPERATING,STANDBY,0
2025-11-14 13:18:34,Nest!,OPERATING,STANDBY,0
2025-11-14 13:18:34,Sirocco,REFURBISHMENT,STANDBY,N/A
2025-11-14 13:18:34,Stoomtrein - Marerijk,OPERATING,STANDBY,25
2025-11-14 13:18:34,Volk van Laaf,OPERATING,STANDBY,0
2025-11-14 13:18:34,Fairytale Forest,OPERATING,STANDBY,0
2025-11-14 13:18:34,Stoomcarrousel,OPERATING,STANDBY,0
2025-11-14 13:18:34,Efteling Museum,OPERATING,STANDBY,0
2025-11-14 13:18:34,Halve Maen,OPERATING,STANDBY,5
2025-11-14 13:18:34,Archipel,OPERATING,STANDBY,0
2025-11-14 13:18:34,Stoomtrein - Oost,OPERATING,STANDBY,25
2025-11-14 13:18:34,Kinderspoor,OPERATING,STANDBY,5
2025-11-14 13:18:34,Diorama,OPERATING,STANDBY,0
2025-11-14 13:18:34,Fabula,OPERATING,STANDBY,10
2025-11-14 13:18:34,Monorail,CLOSED,STANDBY,N/A
2025-11-14 13:18:34,Kindervreugd,CLOSED,STANDBY,N/A
2025-11-14 13:18:34,Max & Moritz,DOWN,STANDBY,0
2025-11-14 13:18:34,Max & Moritz,DOWN,SINGLE_RIDER,N/A
2025-11-14 13:18:34,Anton Pieckplein,OPERATING,STANDBY,0
2025-11-14 13:18:34,Gondoletta,OPERATING,STANDBY,5
2025-11-14 13:18:34,Python,OPERATING,STANDBY,5
2025-11-14 13:18:34,Python,OPERATING,SINGLE_RIDER,0
2025-11-14 13:18:34,De Oude Tufferbaan,OPERATING,STANDBY,10
2025-11-14 13:18:34,Piraña,OPERATING,STANDBY,5
2025-11-14 13:18:34,Joris en de Draak,OPERATING,STANDBY,5
2025-11-14 13:18:34,Joris en de Draak,OPERATING,SINGLE_RIDER,0
2025-11-14 13:18:34,Carnaval Festival,OPERATING,STANDBY,0
2025-11-14 13:18:34,Vogel Rok,REFURBISHMENT,STANDBY,N/A
2025-11-14 13:18:34,Baron 1898,OPERATING,STANDBY,10
2025-11-14 13:18:34,Baron 1898,OPERATING,SINGLE_RIDER,10
2025-11-14 13:18:34,Pagode,OPERATING,STANDBY,5
2025-11-14 13:18:34,Symbolica,OPERATING,STANDBY,25
2025-11-14 13:18:34,Symbolica,OPERATING,SINGLE_RIDER,0
2025-11-14 13:18:34,Danse Macabre,OPERATING,STANDBY,13
2025-11-14 13:18:34,Danse Macabre,OPERATING,SINGLE_RIDER,0
2025-11-14 13:45:19,Droomvlucht,OPERATING,STANDBY,20
2025-11-14 13:45:19,Fata Morgana,OPERATING,STANDBY,5
2025-11-14 13:45:19,Villa Volta,OPERATING,STANDBY,5
2025-11-14 13:45:19,De Vliegende Hollander,OPERATING,STANDBY,5
2025-11-14 13:45:19,De Vliegende Hollander,OPERATING,SINGLE_RIDER,0
2025-11-14 13:45:19,Kleuterhof,OPERATING,STANDBY,0
2025-11-14 13:45:19,Nest!,OPERATING,STANDBY,0
2025-11-14 13:45:19,Sirocco,REFURBISHMENT,STANDBY,N/A
2025-11-14 13:45:19,Stoomtrein - Marerijk,OPERATING,STANDBY,25
2025-11-14 13:45:19,Volk van Laaf,OPERATING,STANDBY,0
2025-11-14 13:45:19,Fairytale Forest,OPERATING,STANDBY,0
2025-11-14 13:45:19,Stoomcarrousel,OPERATING,STANDBY,0
2025-11-14 13:45:19,Efteling Museum,OPERATING,STANDBY,0
2025-11-14 13:45:19,Halve Maen,OPERATING,STANDBY,5
2025-11-14 13:45:19,Archipel,OPERATING,STANDBY,0
2025-11-14 13:45:19,Stoomtrein - Oost,OPERATING,STANDBY,25
2025-11-14 13:45:19,Kinderspoor,OPERATING,STANDBY,5
2025-11-14 13:45:19,Diorama,OPERATING,STANDBY,0
2025-11-14 13:45:19,Fabula,OPERATING,STANDBY,10
2025-11-14 13:45:19,Monorail,CLOSED,STANDBY,N/A
2025-11-14 13:45:19,Kindervreugd,CLOSED,STANDBY,N/A
2025-11-14 13:45:19,Max & Moritz,OPERATING,STANDBY,5
2025-11-14 13:45:19,Max & Moritz,OPERATING,SINGLE_RIDER,0
2025-11-14 13:45:19,Anton Pieckplein,OPERATING,STANDBY,0
2025-11-14 13:45:19,Gondoletta,OPERATING,STANDBY,5
2025-11-14 13:45:19,Python,OPERATING,STANDBY,5
2025-11-14 13:45:19,Python,OPERATING,SINGLE_RIDER,0
2025-11-14 13:45:19,De Oude Tufferbaan,OPERATING,STANDBY,10
2025-11-14 13:45:19,Piraña,OPERATING,STANDBY,5
2025-11-14 13:45:19,Joris en de Draak,OPERATING,STANDBY,5
2025-11-14 13:45:19,Joris en de Draak,OPERATING,SINGLE_RIDER,0
2025-11-14 13:45:19,Carnaval Festival,OPERATING,STANDBY,5
2025-11-14 13:45:19,Vogel Rok,REFURBISHMENT,STANDBY,N/A
2025-11-14 13:45:19,Baron 1898,OPERATING,STANDBY,10
2025-11-14 13:45:19,Baron 1898,OPERATING,SINGLE_RIDER,5
2025-11-14 13:45:19,Pagode,OPERATING,STANDBY,5
2025-11-14 13:45:19,Symbolica,OPERATING,STANDBY,25
2025-11-14 13:45:19,Symbolica,OPERATING,SINGLE_RIDER,0
2025-11-14 13:45:19,Danse Macabre,OPERATING,STANDBY,13
2025-11-14 13:45:19,Danse Macabre,OPERATING,SINGLE_RIDER,0
2025-11-14 14:17:00,Droomvlucht,OPERATING,STANDBY,15
2025-11-14 14:17:00,Fata Morgana,OPERATING,STANDBY,5
2025-11-14 14:17:00,Villa Volta,OPERATING,STANDBY,5
2025-11-14 14:17:00,De Vliegende Hollander,OPERATING,STANDBY,5
2025-11-14 14:17:00,De Vliegende Hollander,OPERATING,SINGLE_RIDER,0
2025-11-14 14:17:00,Kleuterhof,OPERATING,STANDBY,0
2025-11-14 14:17:00,Nest!,OPERATING,STANDBY,0
2025-11-14 14:17:00,Sirocco,REFURBISHMENT,STANDBY,N/A
2025-11-14 14:17:00,Stoomtrein - Marerijk,OPERATING,STANDBY,25
2025-11-14 14:17:00,Volk van Laaf,OPERATING,STANDBY,0
2025-11-14 14:17:00,Fairytale Forest,OPERATING,STANDBY,0
2025-11-14 14:17:00,Stoomcarrousel,OPERATING,STANDBY,0
2025-11-14 14:17:00,Efteling Museum,OPERATING,STANDBY,0
2025-11-14 14:17:00,Halve Maen,OPERATING,STANDBY,5
2025-11-14 14:17:00,Archipel,OPERATING,STANDBY,0
2025-11-14 14:17:00,Stoomtrein - Oost,OPERATING,STANDBY,25
2025-11-14 14:17:00,Kinderspoor,OPERATING,STANDBY,5
2025-11-14 14:17:00,Diorama,OPERATING,STANDBY,0
2025-11-14 14:17:00,Fabula,OPERATING,STANDBY,10
2025-11-14 14:17:00,Monorail,CLOSED,STANDBY,N/A
2025-11-14 14:17:00,Kindervreugd,CLOSED,STANDBY,N/A
2025-11-14 14:17:00,Max & Moritz,OPERATING,STANDBY,5
2025-11-14 14:17:00,Max & Moritz,OPERATING,SINGLE_RIDER,0
2025-11-14 14:17:00,Anton Pieckplein,OPERATING,STANDBY,0
2025-11-14 14:17:00,Gondoletta,OPERATING,STANDBY,5
2025-11-14 14:17:00,Python,OPERATING,STANDBY,5
2025-11-14 14:17:00,Python,OPERATING,SINGLE_RIDER,0
2025-11-14 14:17:00,De Oude Tufferbaan,OPERATING,STANDBY,10
2025-11-14 14:17:00,Piraña,OPERATING,STANDBY,5
2025-11-14 14:17:00,Joris en de Draak,OPERATING,STANDBY,5
2025-11-14 14:17:00,Joris en de Draak,OPERATING,SINGLE_RIDER,0
2025-11-14 14:17:00,Carnaval Festival,OPERATING,STANDBY,5
2025-11-14 14:17:00,Vogel Rok,REFURBISHMENT,STANDBY,N/A
2025-11-14 14:17:00,Baron 1898,OPERATING,STANDBY,10
2025-11-14 14:17:00,Baron 1898,OPERATING,SINGLE_RIDER,10
2025-11-14 14:17:00,Pagode,OPERATING,STANDBY,5
2025-11-14 14:17:00,Symbolica,OPERATING,STANDBY,20
2025-11-14 14:17:00,Symbolica,OPERATING,SINGLE_RIDER,0
2025-11-14 14:17:00,Danse Macabre,OPERATING,STANDBY,13
2025-11-14 14:17:00,Danse Macabre,OPERATING,SINGLE_RIDER,0
2025-11-14 14:40:37,Droomvlucht,OPERATING,STANDBY,15
2025-11-14 14:40:37,Fata Morgana,OPERATING,STANDBY,5
2025-11-14 14:40:37,Villa Volta,OPERATING,STANDBY,5
2025-11-14 14:40:37,De Vliegende Hollander,OPERATING,STANDBY,5
2025-11-14 14:40:37,De Vliegende Hollander,OPERATING,SINGLE_RIDER,0
2025-11-14 14:40:37,Kleuterhof,OPERATING,STANDBY,0
2025-11-14 14:40:37,Nest!,OPERATING,STANDBY,0
2025-11-14 14:40:37,Sirocco,REFURBISHMENT,STANDBY,N/A
2025-11-14 14:40:37,Stoomtrein - Marerijk,OPERATING,STANDBY,25
2025-11-14 14:40:37,Volk van Laaf,OPERATING,STANDBY,0
2025-11-14 14:40:37,Fairytale Forest,OPERATING,STANDBY,0
2025-11-14 14:40:37,Stoomcarrousel,OPERATING,STANDBY,0
2025-11-14 14:40:37,Efteling Museum,OPERATING,STANDBY,0
2025-11-14 14:40:37,Halve Maen,OPERATING,STANDBY,5
2025-11-14 14:40:37,Archipel,OPERATING,STANDBY,0
2025-11-14 14:40:37,Stoomtrein - Oost,OPERATING,STANDBY,25
2025-11-14 14:40:37,Kinderspoor,OPERATING,STANDBY,5
2025-11-14 14:40:37,Diorama,OPERATING,STANDBY,0
2025-11-14 14:40:37,Fabula,OPERATING,STANDBY,10
2025-11-14 14:40:37,Monorail,CLOSED,STANDBY,N/A
2025-11-14 14:40:37,Kindervreugd,CLOSED,STANDBY,N/A
2025-11-14 14:40:37,Max & Moritz,OPERATING,STANDBY,5
2025-11-14 14:40:37,Max & Moritz,OPERATING,SINGLE_RIDER,0
2025-11-14 14:40:37,Anton Pieckplein,OPERATING,STANDBY,0
2025-11-14 14:40:37,Gondoletta,OPERATING,STANDBY,5
2025-11-14 14:40:37,Python,OPERATING,STANDBY,5
2025-11-14 14:40:37,Python,OPERATING,SINGLE_RIDER,0
2025-11-14 14:40:37,De Oude Tufferbaan,OPERATING,STANDBY,10
2025-11-14 14:40:37,Piraña,OPERATING,STANDBY,5
2025-11-14 14:40:37,Joris en de Draak,OPERATING,STANDBY,5
2025-11-14 14:40:37,Joris en de Draak,OPERATING,SINGLE_RIDER,0
2025-11-14 14:40:37,Carnaval Festival,OPERATING,STANDBY,5
2025-11-14 14:40:37,Vogel Rok,REFURBISHMENT,STANDBY,N/A
2025-11-14 14:40:37,Baron 1898,OPERATING,STANDBY,10
2025-11-14 14:40:37,Baron 1898,OPERATING,SINGLE_RIDER,5
2025-11-14 14:40:37,Pagode,OPERATING,STANDBY,5
2025-11-14 14:40:37,Symbolica,OPERATING,STANDBY,20
2025-11-14 14:40:37,Symbolica,OPERATING,SINGLE_RIDER,0
2025-11-14 14:40:37,Danse Macabre,OPERATING,STANDBY,13
2025-11-14 14:40:37,Danse Macabre,OPERATING,SINGLE_RIDER,0
