date,page_date_heading,park_id,crowd_percent,crowd_label,temperature_forecast_c,temperature_actual_c,intensity_forecast_mmph,intensity_actual_mmph,wind_forecast_mps,wind_actual_mps,opening_hours,events
2023-01-01,"January 01, 2023",160,13%,Empty,11.8,12.3,0.21,0.13,6.7,6.4,ðŸŽ„ 10:00-20:00,ðŸŽ„ Winter Efteling
2023-01-02,"January 02, 2023",160,45%,Quiet,8.8,8.8,0.21,0.31,4.8,4.9,ðŸŽ„ 10:00-20:00,ðŸŽ„ Winter Efteling
2023-01-03,"January 03, 2023",160,97%,Packed,8.0,7.5,0.0,0.0,6.8,6.4,ðŸŽ„ 10:00-20:00,ðŸŽ„ Winter Efteling
2023-01-04,"January 04, 2023",160,58%,Busy,11.6,11.8,0.21,0.18,10.3,10.9,ðŸŽ„ 10:00-20:00,ðŸŽ„ Winter Efteling
2023-01-05,"January 05, 2023",160,95%,Packed,9.7,10.4,0.05,0.04,4.7,4.9,ðŸŽ„ 10:00-20:00,ðŸŽ„ Winter Efteling
2023-01-06,"January 06, 2023",160,68%,Busy,10.5,10.1,0.11,0.09,5.4,5.4,ðŸŽ„ 10:00-20:00,ðŸŽ„ Winter Efteling
2023-01-07,"January 07, 2023",160,67%,Busy,9.3,9.8,0.09,0.08,7.8,8.0,ðŸŽ„ 10:00-20:00,ðŸŽ„ Winter Efteling
2023-01-08,"January 08, 2023",160,56%,Busy,8.6,8.5,0.11,0.06,6.4,6.9,ðŸŽ„ 10:00-20:00,ðŸŽ„ Winter Efteling
2023-01-09,"January 09, 2023",160,19%,Empty,7.4,7.6,0.13,0.16,6.5,6.3,ðŸŽ„ 11:00-18:00,ðŸŽ„ Winter Efteling
2023-01-10,"January 10, 2023",160,8%,Empty,6.0,5.8,0.24,0.47,7.5,7.8,ðŸŽ„ 11:00-18:00,ðŸŽ„ Winter Efteling
2023-01-11,"January 11, 2023",160,10%,Empty,8.7,9.3,0.05,0.05,7.1,7.4,ðŸŽ„ 11:00-18:00,ðŸŽ„ Winter Efteling
2023-01-12,"January 12, 2023",160,3%,Empty,10.2,10.2,0.74,1.21,9.5,9.8,ðŸŽ„ 11:00-18:00,ðŸŽ„ Winter Efteling
2023-01-13,"January 13, 2023",160,10%,Empty,7.9,7.9,0.11,0.14,10.2,10.0,ðŸŽ„ 11:00-18:00,ðŸŽ„ Winter Efteling
2023-01-14,"January 14, 2023",160,13%,Empty,10.0,9.7,1.05,0.91,11.2,11.3,ðŸŽ„ 11:00-19:00,ðŸŽ„ Winter Efteling
2023-01-15,"January 15, 2023",160,46%,Quiet,5.8,6.4,0.16,0.16,9.9,10.4,ðŸŽ„ 11:00-19:00,ðŸŽ„ Winter Efteling
2023-01-16,"January 16, 2023",160,6%,Empty,4.2,4.9,0.67,0.63,5.1,5.4,ðŸŽ„ 11:00-18:00,ðŸŽ„ Winter Efteling
2023-01-17,"January 17, 2023",160,9%,Empty,2.5,2.6,0.0,0.0,2.8,2.4,ðŸŽ„ 11:00-18:00,ðŸŽ„ Winter Efteling
2023-01-18,"January 18, 2023",160,11%,Empty,2.7,2.9,0.1,0.09,6.0,6.1,ðŸŽ„ 11:00-18:00,ðŸŽ„ Winter Efteling
2023-01-19,"January 19, 2023",160,4%,Empty,3.5,3.5,0.09,0.06,3.4,3.7,ðŸŽ„ 11:00-18:00,ðŸŽ„ Winter Efteling
2023-01-20,"January 20, 2023",160,21%,Empty,3.6,2.2,0.28,0.54,3.7,3.1,ðŸŽ„ 11:00-18:00,ðŸŽ„ Winter Efteling
2023-01-21,"January 21, 2023",160,87%,Packed,0.3,0.4,0.0,0.0,2.7,3.1,ðŸŽ„ 11:00-19:00,ðŸŽ„ Winter Efteling
2023-01-22,"January 22, 2023",160,96%,Packed,1.1,0.9,0.0,0.0,3.8,3.9,ðŸŽ„ 10:00-19:00,ðŸŽ„ Winter Efteling
2023-01-23,"January 23, 2023",160,17%,Empty,2.6,2.7,0.0,0.01,3.4,3.5,ðŸŽ„ 11:00-18:00,ðŸŽ„ Winter Efteling
2023-01-24,"January 24, 2023",160,9%,Empty,2.3,2.2,0.0,0.0,3.5,3.4,ðŸŽ„ 11:00-18:00,ðŸŽ„ Winter Efteling
2023-01-25,"January 25, 2023",160,14%,Empty,1.6,0.2,0.0,0.0,2.2,2.2,ðŸŽ„ 11:00-18:00,ðŸŽ„ Winter Efteling
2023-01-26,"January 26, 2023",160,9%,Empty,5.7,5.5,0.02,0.02,4.4,4.8,ðŸŽ„ 11:00-18:00,ðŸŽ„ Winter Efteling
2023-01-27,"January 27, 2023",160,21%,Empty,4.1,4.2,0.0,0.0,4.4,4.5,ðŸŽ„ 11:00-18:00,ðŸŽ„ Winter Efteling
2023-01-28,"January 28, 2023",160,94%,Packed,2.4,2.2,0.0,0.0,1.4,1.8,ðŸŽ„ 10:00-19:00,ðŸŽ„ Winter Efteling
2023-01-29,"January 29, 2023",160,92%,Packed,3.2,2.6,0.02,0.01,5.6,5.8,ðŸŽ„ 10:00-19:00,ðŸŽ„ Winter Efteling
2023-01-30,"January 30, 2023",160,16%,Empty,7.4,7.0,0.02,0.01,8.1,8.4,ðŸŽ„ 11:00-18:00,ðŸŽ„ Winter Efteling
2023-01-31,"January 31, 2023",160,5%,Empty,6.9,7.2,0.04,0.03,7.4,7.9,ðŸŽ„ 11:00-18:00,ðŸŽ„ Winter Efteling
2023-02-01,"February 01, 2023",160,13%,Empty,7.6,7.3,0.05,0.03,9.7,9.9,ðŸŽ„ 11:00-18:00,ðŸŽ„ Winter Efteling
2023-02-02,"February 02, 2023",160,0%,Empty,7.8,8.4,0.04,0.03,6.3,6.5,ðŸŽ„ 11:00-18:00,ðŸŽ„ Winter Efteling
2023-02-03,"February 03, 2023",160,32%,Quiet,9.6,9.6,0.01,0.04,6.9,7.7,ðŸŽ„ 11:00-18:00,ðŸŽ„ Winter Efteling
2023-02-04,"February 04, 2023",160,79%,Packed,8.2,8.5,0.03,0.03,1.5,1.3,ðŸŽ„ 11:00-19:00,ðŸŽ„ Winter Efteling
2023-02-05,"February 05, 2023",160,63%,Busy,7.0,6.9,0.01,0.01,6.8,7.5,ðŸŽ„ 11:00-19:00,ðŸŽ„ Winter Efteling
2023-02-06,"February 06, 2023",160,25%,Quiet,5.8,5.4,0.0,0.0,3.3,3.1,ðŸŽ„ 11:00-18:00,ðŸŽ„ Winter Efteling
2023-02-07,"February 07, 2023",160,13%,Empty,3.8,3.6,0.0,0.0,3.0,2.8,ðŸŽ„ 11:00-18:00,ðŸŽ„ Winter Efteling
2023-02-08,"February 08, 2023",160,21%,Empty,4.5,4.9,0.0,0.0,3.3,3.1,ðŸŽ„ 11:00-18:00,ðŸŽ„ Winter Efteling
2023-02-09,"February 09, 2023",160,15%,Empty,4.2,4.5,0.0,0.0,3.9,3.8,ðŸŽ„ 11:00-18:00,ðŸŽ„ Winter Efteling
2023-02-10,"February 10, 2023",160,27%,Quiet,5.8,5.9,0.0,0.0,4.7,4.7,ðŸŽ„ 11:00-18:00,ðŸŽ„ Winter Efteling
2023-02-11,"February 11, 2023",160,48%,Quiet,8.5,8.4,0.0,0.0,3.9,3.8,ðŸŽ„ 10:00-18:00,ðŸŽ„ Winter Efteling
2023-02-12,"February 12, 2023",160,50%,Busy,7.2,7.8,0.0,0.0,1.3,1.3,ðŸŽ„ 10:00-18:00,ðŸŽ„ Winter Efteling
2023-02-13,"February 13, 2023",160,20%,Empty,9.2,9.6,0.0,0.0,2.2,2.3,ðŸŽ„ 11:00-18:00,ðŸŽ„ Winter Efteling
2023-02-14,"February 14, 2023",160,11%,Empty,10.1,10.6,0.0,0.0,2.2,2.1,ðŸŽ„ 11:00-18:00,ðŸŽ„ Winter Efteling
2023-02-15,"February 15, 2023",160,15%,Empty,10.6,10.4,0.0,0.0,3.9,3.9,ðŸŽ„ 11:00-18:00,ðŸŽ„ Winter Efteling
2023-02-16,"February 16, 2023",160,6%,Empty,9.9,9.5,0.07,0.09,5.9,5.5,ðŸŽ„ 11:00-18:00,ðŸŽ„ Winter Efteling
2023-02-17,"February 17, 2023",160,21%,Empty,12.1,11.4,0.01,0.01,10.0,9.2,ðŸŽ„ 11:00-18:00,ðŸŽ„ Winter Efteling
2023-02-18,"February 18, 2023",160,19%,Empty,10.7,10.5,0.14,0.03,8.9,9.0,ðŸŽ„ 10:00-18:00,ðŸŽ„ Winter Efteling
2023-02-19,"February 19, 2023",160,26%,Quiet,8.5,8.6,0.02,0.01,5.0,5.4,ðŸŽ„ 10:00-18:00,ðŸŽ„ Winter Efteling
2023-02-20,"February 20, 2023",160,43%,Quiet,10.7,9.5,0.0,0.0,7.0,7.3,ðŸŽ„ 10:00-18:00,ðŸŽ„ Winter Efteling
2023-02-21,"February 21, 2023",160,48%,Quiet,10.3,9.5,0.0,0.0,4.1,3.8,ðŸŽ„ 10:00-18:00,ðŸŽ„ Winter Efteling
2023-02-22,"February 22, 2023",160,37%,Quiet,9.9,9.1,0.09,0.06,3.7,3.7,ðŸŽ„ 10:00-18:00,ðŸŽ„ Winter Efteling
2023-02-23,"February 23, 2023",160,50%,Busy,7.7,7.3,0.02,0.03,4.4,4.1,ðŸŽ„ 10:00-18:00,ðŸŽ„ Winter Efteling
2023-02-24,"February 24, 2023",160,48%,Quiet,6.1,6.3,0.1,0.1,5.4,5.8,ðŸŽ„ 10:00-18:00,ðŸŽ„ Winter Efteling
2023-02-25,"February 25, 2023",160,64%,Busy,5.6,5.7,0.02,0.02,5.5,5.8,ðŸŽ„ 10:00-18:00,ðŸŽ„ Winter Efteling
2023-02-26,"February 26, 2023",160,60%,Busy,4.1,4.0,0.0,0.0,6.3,6.4,ðŸŽ„ 10:00-18:00,ðŸŽ„ Winter Efteling
2023-02-27,"February 27, 2023",160,68%,Busy,5.0,4.8,0.0,0.0,5.0,5.0,ðŸŽ„ 10:00-18:00,ðŸŽ„ Winter Efteling
2023-02-28,"February 28, 2023",160,45%,Quiet,4.3,4.3,0.01,0.0,4.0,4.5,ðŸŽ„ 10:00-18:00,ðŸŽ„ Winter Efteling
2023-03-01,"March 01, 2023",160,72%,Busy,5.3,5.4,0.0,0.0,4.8,4.7,ðŸŽ„ 10:00-18:00,ðŸŽ„ Winter Efteling
2023-03-02,"March 02, 2023",160,60%,Busy,6.9,7.0,0.0,0.0,5.2,5.2,ðŸŽ„ 10:00-18:00,ðŸŽ„ Winter Efteling
2023-03-03,"March 03, 2023",160,69%,Busy,7.0,6.1,0.0,0.0,3.4,3.6,ðŸŽ„ 10:00-18:00,ðŸŽ„ Winter Efteling
2023-03-04,"March 04, 2023",160,55%,Busy,7.3,7.0,0.02,0.03,4.1,3.9,ðŸŽ„ 10:00-18:00,ðŸŽ„ Winter Efteling
2023-03-05,"March 05, 2023",160,26%,Quiet,5.8,5.5,0.05,0.05,3.7,3.6,ðŸŽ„ 10:00-18:00,ðŸŽ„ Winter Efteling
2023-03-06,"March 06, 2023",160,19%,Empty,5.4,5.4,0.1,0.09,3.8,4.5,ðŸ•™ 10:00-18:00,
2023-03-07,"March 07, 2023",160,9%,Empty,3.0,2.7,0.58,0.6,3.4,2.5,ðŸ•™ 10:00-18:00,
2023-03-08,"March 08, 2023",160,11%,Empty,2.1,1.6,0.23,0.23,5.6,6.0,ðŸ•™ 10:00-18:00,
2023-03-09,"March 09, 2023",160,12%,Empty,3.4,2.9,0.4,0.51,2.8,2.6,ðŸ•™ 10:00-18:00,
2023-03-10,"March 10, 2023",160,7%,Empty,6.2,5.0,0.57,1.27,6.1,6.8,ðŸ•™ 10:00-18:00,
2023-03-11,"March 11, 2023",160,21%,Empty,5.9,5.5,0.01,0.0,3.4,2.6,ðŸ•™ 10:00-18:00,
2023-03-12,"March 12, 2023",160,15%,Empty,9.9,9.7,0.05,0.04,7.1,6.9,ðŸ•™ 10:00-18:00,
2023-03-13,"March 13, 2023",160,16%,Empty,14.2,15.0,0.1,0.07,10.8,11.0,ðŸ•™ 10:00-18:00,
2023-03-14,"March 14, 2023",160,11%,Empty,6.5,6.3,0.12,0.16,8.0,7.0,ðŸ•™ 10:00-18:00,
2023-03-15,"March 15, 2023",160,13%,Empty,7.1,7.1,0.03,0.02,2.9,3.4,ðŸ•™ 10:00-18:00,
2023-03-16,"March 16, 2023",160,5%,Empty,10.4,10.9,0.01,0.0,6.1,6.3,ðŸ•™ 10:00-18:00,
2023-03-17,"March 17, 2023",160,16%,Empty,13.9,14.5,0.03,0.01,4.8,4.3,ðŸ•™ 10:00-18:00,
2023-03-18,"March 18, 2023",160,33%,Quiet,14.6,14.2,0.03,0.16,4.8,5.0,ðŸ•™ 10:00-18:00,
2023-03-19,"March 19, 2023",160,41%,Quiet,12.2,12.0,0.08,0.02,4.1,4.5,ðŸ•™ 10:00-18:00,
2023-03-20,"March 20, 2023",160,17%,Empty,8.7,8.3,0.13,0.16,5.3,5.1,ðŸ•™ 10:00-18:00,
2023-03-21,"March 21, 2023",160,10%,Empty,12.6,13.0,0.06,0.02,6.4,6.0,ðŸ•™ 10:00-18:00,
2023-03-22,"March 22, 2023",160,4%,Empty,10.8,10.4,0.15,0.26,8.7,8.5,ðŸ•™ 10:00-18:00,
2023-03-23,"March 23, 2023",160,6%,Empty,13.2,13.1,0.21,0.14,7.0,7.6,ðŸ•™ 10:00-18:00,
2023-03-24,"March 24, 2023",160,14%,Empty,11.9,11.6,0.29,0.28,8.6,8.1,ðŸ•™ 10:00-18:00,
2023-03-25,"March 25, 2023",160,39%,Quiet,10.7,10.4,0.22,0.34,10.7,10.7,ðŸ•™ 10:00-18:00,
2023-03-26,"March 26, 2023",160,5%,Empty,8.2,8.1,0.61,0.65,3.6,4.6,ðŸ•™ 10:00-18:00,
2023-03-27,"March 27, 2023",160,16%,Empty,6.3,6.7,0.07,0.05,6.8,6.8,ðŸ•™ 10:00-18:00,
2023-03-28,"March 28, 2023",160,17%,Empty,7.4,7.2,0.01,0.01,4.8,4.7,ðŸ•™ 10:00-18:00,
2023-03-29,"March 29, 2023",160,52%,Busy,13.0,12.9,0.07,0.02,5.2,4.9,ðŸ•™ 10:00-18:00,
2023-03-30,"March 30, 2023",160,16%,Empty,13.6,14.0,0.17,0.22,9.5,9.6,ðŸ•™ 10:00-18:00,
2023-03-31,"March 31, 2023",160,21%,Empty,10.5,11.0,0.38,0.52,9.3,9.5,ðŸ•™ 10:00-18:00,
2023-04-01,"April 01, 2023",160,8%,Empty,10.2,9.8,0.49,0.5,5.7,5.2,ðŸ•™ 10:00-19:00,
2023-04-02,"April 02, 2023",160,53%,Busy,8.2,6.7,0.0,0.0,7.0,5.9,ðŸ•™ 10:00-19:00,
2023-04-03,"April 03, 2023",160,55%,Busy,8.2,8.1,0.0,0.0,4.5,6.7,ðŸ•™ 10:00-19:00,
2023-04-04,"April 04, 2023",160,49%,Quiet,8.3,8.1,0.0,0.0,3.0,3.1,ðŸ•™ 10:00-19:00,
2023-04-05,"April 05, 2023",160,74%,Busy,9.6,10.2,0.0,0.0,4.3,1.6,ðŸ•™ 10:00-19:00,
2023-04-06,"April 06, 2023",160,85%,Packed,10.4,7.9,0.07,0.43,4.5,5.0,ðŸ•™ 10:00-19:00,
2023-04-07,"April 07, 2023",160,77%,Packed,10.8,9.4,0.0,0.0,3.0,4.0,ðŸ•™ 10:00-19:00,
2023-04-08,"April 08, 2023",160,53%,Busy,,11.3,,0.0,,2.4,ðŸ•™ 10:00-19:00,
2023-04-09,"April 09, 2023",160,69%,Busy,,13.8,,0.0,,2.8,ðŸ•™ 10:00-19:00,
2023-04-10,"April 10, 2023",160,78%,Packed,,13.6,,0.36,,6.1,ðŸ•™ 10:00-19:00,
2023-04-11,"April 11, 2023",160,100%,Packed,,12.3,,0.03,,5.6,ðŸ•™ 10:00-20:00,
2023-04-12,"April 12, 2023",160,24%,Empty,10.7,10.1,0.29,0.41,5.2,3.7,ðŸ•™ 10:00-19:00,
2023-04-13,"April 13, 2023",160,73%,Busy,10.6,11.1,0.04,0.17,5.7,5.8,ðŸ•™ 10:00-19:00,
2023-04-14,"April 14, 2023",160,75%,Packed,11.0,12.9,0.15,0.03,3.1,4.4,ðŸ•™ 10:00-19:00,
2023-04-15,"April 15, 2023",160,41%,Quiet,12.9,12.7,0.0,0.0,5.0,6.8,ðŸ•™ 10:00-19:00,
2023-04-16,"April 16, 2023",160,34%,Quiet,11.7,9.3,0.0,0.01,4.1,3.6,ðŸ•™ 10:00-19:00,
2023-04-17,"April 17, 2023",160,28%,Quiet,13.1,12.0,0.0,0.0,4.2,4.7,ðŸ•™ 10:00-18:00,
2023-04-18,"April 18, 2023",160,11%,Empty,10.1,10.8,0.0,0.0,5.0,6.7,ðŸ•™ 10:00-18:00,
2023-04-19,"April 19, 2023",160,32%,Quiet,12.1,13.9,0.0,0.0,5.7,7.8,ðŸ•™ 10:00-18:00,
2023-04-20,"April 20, 2023",160,30%,Quiet,9.3,9.5,0.08,0.08,5.8,6.6,ðŸ•™ 10:00-18:00,
2023-04-21,"April 21, 2023",160,56%,Busy,12.9,14.1,0.31,0.0,3.4,4.9,ðŸ•™ 10:00-19:00,
2023-04-22,"April 22, 2023",160,26%,Quiet,12.7,12.4,0.62,0.19,2.0,2.6,ðŸ•™ 10:00-19:00,
2023-04-23,"April 23, 2023",160,21%,Empty,13.2,14.2,0.49,0.26,4.5,5.2,ðŸ•™ 10:00-19:00,
2023-04-24,"April 24, 2023",160,36%,Quiet,10.8,9.4,0.01,0.0,5.7,6.8,ðŸ•™ 10:00-19:00,
2023-04-25,"April 25, 2023",160,66%,Busy,9.2,9.1,0.0,0.0,3.9,4.8,ðŸ•™ 10:00-19:00,
2023-04-26,"April 26, 2023",160,35%,Quiet,8.9,8.7,0.0,0.0,1.3,1.9,ðŸ•™ 10:00-19:00,
2023-04-27,"April 27, 2023",160,64%,Busy,11.4,11.8,0.0,0.0,2.5,4.0,ðŸ•™ 10:00-19:00,
2023-04-28,"April 28, 2023",160,42%,Quiet,15.1,13.3,0.05,0.01,4.8,3.9,ðŸ•™ 10:00-19:00,
2023-04-29,"April 29, 2023",160,72%,Busy,13.7,13.7,0.0,0.0,2.9,2.9,ðŸ•™ 10:00-19:00,
2023-04-30,"April 30, 2023",160,84%,Packed,15.3,16.1,0.0,0.0,3.0,3.5,ðŸ•™ 10:00-19:00,
2023-05-01,"May 01, 2023",160,98%,Packed,15.4,15.4,0.11,0.02,2.3,3.5,ðŸ•™ 10:00-19:00,
2023-05-02,"May 02, 2023",160,91%,Packed,12.1,12.5,0.0,0.0,3.6,4.3,ðŸ•™ 10:00-19:00,
2023-05-03,"May 03, 2023",160,79%,Packed,13.2,13.6,0.0,0.0,3.9,5.0,ðŸ•™ 10:00-19:00,
2023-05-04,"May 04, 2023",160,97%,Packed,19.0,20.1,0.0,0.0,4.5,4.7,ðŸ•™ 10:00-19:00,
2023-05-05,"May 05, 2023",160,26%,Quiet,16.9,14.9,0.48,0.52,2.7,2.0,ðŸ•™ 10:00-19:00,
2023-05-06,"May 06, 2023",160,69%,Busy,17.9,18.3,0.01,0.03,1.6,2.2,ðŸ•™ 10:00-19:00,
2023-05-07,"May 07, 2023",160,25%,Quiet,16.1,17.6,0.73,0.35,1.1,1.9,ðŸ•™ 10:00-19:00,
2023-05-08,"May 08, 2023",160,53%,Busy,19.3,18.0,0.0,0.0,2.5,2.6,ðŸ•™ 10:00-18:00,
2023-05-09,"May 09, 2023",160,19%,Empty,14.1,14.2,1.21,0.86,3.5,4.1,ðŸ•™ 10:00-18:00,
2023-05-10,"May 10, 2023",160,7%,Empty,15.0,14.6,1.11,0.74,2.2,3.5,ðŸ•™ 10:00-18:00,
2023-05-11,"May 11, 2023",160,28%,Quiet,14.5,14.8,0.53,0.79,1.7,2.6,ðŸ•™ 10:00-18:00,
2023-05-12,"May 12, 2023",160,30%,Quiet,17.0,18.0,0.0,0.03,3.8,6.4,ðŸ•™ 10:00-18:00,
2023-05-13,"May 13, 2023",160,69%,Busy,19.4,20.2,0.0,0.0,3.5,5.2,ðŸ•™ 10:00-19:00,
2023-05-14,"May 14, 2023",160,61%,Busy,19.2,18.4,0.0,0.0,2.8,3.5,ðŸ•™ 10:00-19:00,
2023-05-15,"May 15, 2023",160,55%,Busy,14.0,13.4,0.28,0.04,3.4,4.2,ðŸ•™ 10:00-18:00,
2023-05-16,"May 16, 2023",160,48%,Quiet,13.3,13.6,0.0,0.0,4.4,5.2,ðŸ•™ 10:00-18:00,
2023-05-17,"May 17, 2023",160,91%,Packed,13.9,14.4,0.0,0.0,3.0,5.5,ðŸ•™ 10:00-19:00,
2023-05-18,"May 18, 2023",160,88%,Packed,12.9,13.7,0.0,0.0,3.1,4.1,ðŸ•™ 10:00-20:00,
2023-05-19,"May 19, 2023",160,99%,Packed,16.8,17.4,0.0,0.0,3.3,4.3,ðŸ•™ 10:00-20:00,
2023-05-20,"May 20, 2023",160,73%,Busy,19.1,19.1,0.0,0.0,4.9,6.9,ðŸ•™ 10:00-19:00,
2023-05-21,"May 21, 2023",160,49%,Quiet,21.1,20.2,0.0,0.0,3.7,5.3,ðŸ•™ 10:00-19:00,
2023-05-22,"May 22, 2023",160,47%,Quiet,21.6,19.2,0.02,0.0,3.4,4.2,ðŸ•™ 10:00-18:00,
2023-05-23,"May 23, 2023",160,18%,Empty,15.2,14.9,0.0,0.0,5.1,5.8,ðŸ•™ 10:00-18:00,
2023-05-24,"May 24, 2023",160,42%,Quiet,15.2,15.0,0.0,0.0,3.7,3.6,ðŸ•™ 10:00-18:00,
2023-05-25,"May 25, 2023",160,45%,Quiet,16.3,16.2,0.0,0.0,3.6,4.9,ðŸ•™ 10:00-18:00,
2023-05-26,"May 26, 2023",160,60%,Busy,16.7,16.9,0.0,0.0,4.4,5.8,ðŸ•™ 10:00-18:00,
2023-05-27,"May 27, 2023",160,39%,Quiet,18.6,19.5,0.0,0.0,3.1,3.9,ðŸ•™ 10:00-19:00,
2023-05-28,"May 28, 2023",160,84%,Packed,20.8,21.6,0.0,0.0,3.8,5.5,ðŸ•™ 10:00-20:00,
2023-05-29,"May 29, 2023",160,70%,Busy,16.9,16.9,0.0,0.0,4.8,6.0,ðŸ•™ 10:00-20:00,
2023-05-30,"May 30, 2023",160,99%,Packed,17.0,17.2,0.0,0.0,4.3,5.4,ðŸ•™ 10:00-20:00,
2023-05-31,"May 31, 2023",160,62%,Busy,21.7,22.2,0.0,0.0,4.1,5.4,ðŸ•™ 10:00-18:00,
2023-06-01,"June 01, 2023",160,65%,Busy,17.4,17.2,0.0,0.0,4.0,5.5,ðŸ•™ 10:00-18:00,
2023-06-02,"June 02, 2023",160,53%,Busy,17.4,15.6,0.0,0.0,3.5,4.8,ðŸ•™ 10:00-18:00,
2023-06-03,"June 03, 2023",160,78%,Packed,20.0,21.4,0.0,0.0,4.4,5.7,ðŸ•™ 10:00-19:00,
2023-06-04,"June 04, 2023",160,68%,Busy,21.3,21.9,0.0,0.0,3.9,4.8,ðŸ•™ 10:00-19:00,
2023-06-05,"June 05, 2023",160,57%,Busy,20.9,20.2,0.0,0.0,3.7,5.1,ðŸ•™ 10:00-18:00,
2023-06-06,"June 06, 2023",160,32%,Quiet,21.8,21.6,0.0,0.0,3.7,4.6,ðŸ•™ 10:00-18:00,
2023-06-07,"June 07, 2023",160,39%,Quiet,20.1,20.6,0.0,0.0,3.1,3.9,ðŸ•™ 10:00-18:00,
2023-06-08,"June 08, 2023",160,38%,Quiet,22.6,23.3,0.0,0.0,4.0,5.0,ðŸ•™ 10:00-18:00,
2023-06-09,"June 09, 2023",160,54%,Busy,26.4,27.3,0.0,0.0,3.4,4.3,ðŸ•™ 10:00-18:00,
2023-06-10,"June 10, 2023",160,60%,Busy,28.1,29.3,0.0,0.0,3.5,4.8,ðŸ•™ 10:00-19:00,
2023-06-11,"June 11, 2023",160,68%,Busy,29.1,29.7,0.0,0.0,4.2,4.7,ðŸ•™ 10:00-19:00,
2023-06-12,"June 12, 2023",160,54%,Busy,28.3,29.0,0.0,0.0,3.6,4.7,ðŸ•™ 10:00-18:00,
2023-06-13,"June 13, 2023",160,48%,Quiet,26.3,26.7,0.0,0.0,4.1,5.4,ðŸ•™ 10:00-18:00,
2023-06-14,"June 14, 2023",160,31%,Quiet,24.9,25.2,0.0,0.0,4.6,5.4,ðŸ•™ 10:00-18:00,
2023-06-15,"June 15, 2023",160,46%,Quiet,25.2,25.7,0.0,0.0,3.0,3.4,ðŸ•™ 10:00-18:00,
2023-06-16,"June 16, 2023",160,77%,Packed,25.1,25.8,0.0,0.0,1.8,2.6,ðŸ•™ 10:00-18:00,
2023-06-17,"June 17, 2023",160,55%,Busy,26.8,26.5,0.0,0.0,1.2,2.3,ðŸ•™ 10:00-19:00,
2023-06-18,"June 18, 2023",160,41%,Quiet,25.1,23.5,0.0,0.01,2.4,2.5,ðŸ•™ 10:00-19:00,
2023-06-19,"June 19, 2023",160,93%,Packed,23.7,24.0,0.0,0.0,3.3,3.6,ðŸ•™ 10:00-18:00,
2023-06-20,"June 20, 2023",160,58%,Busy,24.2,25.9,0.61,0.04,4.0,3.6,ðŸ•™ 10:00-18:00,
2023-06-21,"June 21, 2023",160,69%,Busy,23.3,24.2,0.0,0.0,3.6,3.6,ðŸ•™ 10:00-18:00,
2023-06-22,"June 22, 2023",160,62%,Busy,21.8,20.4,0.58,0.61,2.5,3.3,ðŸ•™ 10:00-18:00,
2023-06-23,"June 23, 2023",160,86%,Packed,23.5,24.2,0.0,0.0,3.0,3.0,ðŸ•™ 10:00-18:00,
2023-06-24,"June 24, 2023",160,66%,Busy,24.9,25.8,0.0,0.0,2.2,2.5,ðŸ•™ 10:00-19:00,
2023-06-25,"June 25, 2023",160,36%,Quiet,29.5,29.8,0.0,0.0,2.8,3.6,ðŸ•™ 10:00-19:00,
2023-06-26,"June 26, 2023",160,92%,Packed,21.4,21.5,0.0,0.0,5.0,6.4,ðŸ•™ 10:00-18:00,
2023-06-27,"June 27, 2023",160,82%,Packed,20.8,21.4,0.0,0.0,3.7,4.6,ðŸ•™ 10:00-18:00,
2023-06-28,"June 28, 2023",160,72%,Busy,20.3,21.1,0.0,0.0,2.7,2.9,ðŸ•™ 10:00-18:00,
2023-06-29,"June 29, 2023",160,76%,Packed,22.7,21.5,0.01,0.0,3.5,3.8,ðŸ•™ 10:00-18:00,
2023-06-30,"June 30, 2023",160,45%,Quiet,20.0,20.7,0.01,0.0,3.4,3.3,ðŸ•™ 10:00-22:00,
2023-07-01,"July 01, 2023",160,60%,Busy,18.7,18.5,0.02,0.05,3.6,4.6,ðŸ•™ 10:00-22:00,
2023-07-02,"July 02, 2023",160,68%,Busy,19.8,19.3,0.0,0.0,4.9,5.5,ðŸ•™ 10:00-21:00,
2023-07-03,"July 03, 2023",160,76%,Packed,19.1,19.0,0.0,0.01,5.6,5.9,ðŸ•™ 10:00-21:00,
2023-07-04,"July 04, 2023",160,52%,Busy,18.3,19.2,0.13,0.02,3.5,3.8,ðŸ•™ 10:00-21:00,
2023-07-05,"July 05, 2023",160,58%,Busy,17.4,18.1,0.19,0.03,5.9,7.0,ðŸ•™ 10:00-21:00,
2023-07-06,"July 06, 2023",160,81%,Packed,20.3,20.6,0.0,0.0,3.0,3.3,ðŸ•™ 10:00-21:00,
2023-07-07,"July 07, 2023",160,53%,Busy,26.0,26.9,0.0,0.0,2.5,3.4,ðŸ•™ 10:00-22:00,
2023-07-08,"July 08, 2023",160,52%,Busy,30.7,30.1,0.0,0.0,1.9,2.4,ðŸ•™ 10:00-22:00,
2023-07-09,"July 09, 2023",160,25%,Quiet,25.2,25.5,0.28,0.08,2.7,3.6,ðŸ•™ 10:00-21:00,
2023-07-10,"July 10, 2023",160,69%,Busy,23.6,24.6,0.0,0.0,3.1,2.9,ðŸ•™ 10:00-21:00,
2023-07-11,"July 11, 2023",160,48%,Quiet,25.8,26.7,0.0,0.0,4.1,5.1,ðŸ•™ 10:00-21:00,
2023-07-12,"July 12, 2023",160,61%,Busy,21.0,20.5,0.0,0.0,4.7,4.6,ðŸ•™ 10:00-21:00,
2023-07-13,"July 13, 2023",160,76%,Packed,20.7,20.1,0.03,0.02,3.7,4.3,ðŸ•™ 10:00-21:00,
2023-07-14,"July 14, 2023",160,54%,Busy,22.4,22.6,0.0,0.02,3.0,3.0,ðŸ•™ 10:00-22:00,
2023-07-15,"July 15, 2023",160,53%,Busy,23.7,23.2,0.01,0.08,5.0,5.9,ðŸ•™ 10:00-22:00,
2023-07-16,"July 16, 2023",160,44%,Quiet,21.3,20.2,0.01,0.0,4.9,5.2,ðŸ•™ 10:00-22:00,
2023-07-17,"July 17, 2023",160,45%,Quiet,19.8,19.8,0.05,0.03,4.2,5.2,ðŸ•™ 10:00-22:00,
2023-07-18,"July 18, 2023",160,52%,Busy,22.3,22.2,0.0,0.0,2.3,2.8,ðŸ•™ 10:00-22:00,
2023-07-19,"July 19, 2023",160,52%,Busy,20.3,20.8,0.02,0.0,4.0,4.8,ðŸ•™ 10:00-22:00,
2023-07-20,"July 20, 2023",160,46%,Quiet,20.3,19.7,0.0,0.0,2.2,1.9,ðŸ•™ 10:00-22:00,
2023-07-21,"July 21, 2023",160,42%,Quiet,18.5,18.9,0.04,0.05,3.2,4.3,ðŸ•™ 10:00-22:00,
2023-07-22,"July 22, 2023",160,52%,Busy,18.6,18.9,0.02,0.07,3.2,4.3,ðŸ•™ 10:00-22:00,
2023-07-23,"July 23, 2023",160,19%,Empty,18.5,19.0,0.25,0.04,4.9,6.1,ðŸ•™ 10:00-22:00,
2023-07-24,"July 24, 2023",160,26%,Quiet,18.2,18.2,0.25,0.0,4.0,4.2,ðŸ•™ 10:00-22:00,
2023-07-25,"July 25, 2023",160,87%,Packed,17.7,18.3,0.01,0.0,3.6,4.3,ðŸ•™ 10:00-22:00,
2023-07-26,"July 26, 2023",160,66%,Busy,18.6,19.7,0.09,0.04,3.2,3.7,ðŸ•™ 10:00-22:00,
2023-07-27,"July 27, 2023",160,6%,Empty,17.4,17.9,0.18,0.04,4.3,4.5,ðŸ•™ 10:00-22:00,
2023-07-28,"July 28, 2023",160,31%,Quiet,21.9,21.2,0.0,0.0,3.4,2.9,ðŸ•™ 10:00-22:00,
2023-07-29,"July 29, 2023",160,38%,Quiet,19.1,20.3,0.13,0.24,3.9,3.9,ðŸ•™ 10:00-22:00,
2023-07-30,"July 30, 2023",160,57%,Busy,18.8,18.4,0.49,0.52,5.3,5.4,ðŸ•™ 10:00-22:00,
2023-07-31,"July 31, 2023",160,16%,Empty,18.3,17.7,0.14,0.67,4.7,5.3,ðŸ•™ 10:00-22:00,
2023-08-01,"August 01, 2023",160,42%,Quiet,17.8,18.4,0.04,0.12,4.5,5.0,ðŸ•™ 10:00-22:00,
2023-08-02,"August 02, 2023",160,10%,Empty,19.3,19.3,0.32,0.19,5.6,5.7,ðŸ•™ 10:00-22:00,
2023-08-03,"August 03, 2023",160,24%,Empty,16.8,17.5,0.69,0.49,4.1,5.2,ðŸ•™ 10:00-22:00,
2023-08-04,"August 04, 2023",160,50%,Busy,17.6,18.9,0.26,0.12,2.6,4.2,ðŸ•™ 10:00-22:00,
2023-08-05,"August 05, 2023",160,23%,Empty,16.0,16.0,0.56,0.35,3.8,4.2,ðŸ•™ 10:00-22:00,
2023-08-06,"August 06, 2023",160,8%,Empty,16.0,15.5,0.38,0.52,4.9,5.9,ðŸ•™ 10:00-22:00,
2023-08-07,"August 07, 2023",160,62%,Busy,17.2,17.6,0.0,0.0,4.8,6.4,ðŸ•™ 10:00-22:00,
2023-08-08,"August 08, 2023",160,49%,Quiet,17.7,17.1,0.04,0.25,4.2,4.8,ðŸ•™ 10:00-22:00,
2023-08-09,"August 09, 2023",160,93%,Packed,19.2,19.4,0.0,0.0,3.1,3.9,ðŸ•™ 10:00-22:00,
2023-08-10,"August 10, 2023",160,92%,Packed,21.0,22.6,0.0,0.0,1.1,2.0,ðŸ•™ 10:00-22:00,
2023-08-11,"August 11, 2023",160,67%,Busy,25.0,24.7,0.0,0.02,2.5,3.1,ðŸ•™ 10:00-22:00,
2023-08-12,"August 12, 2023",160,60%,Busy,22.2,21.2,0.02,0.0,2.9,3.9,ðŸ•™ 10:00-22:00,
2023-08-13,"August 13, 2023",160,78%,Packed,21.4,20.9,0.0,0.0,3.0,3.1,ðŸ•™ 10:00-22:00,
2023-08-14,"August 14, 2023",160,83%,Packed,23.9,24.4,0.0,0.0,2.4,2.8,ðŸ•™ 10:00-22:00,
2023-08-15,"August 15, 2023",160,85%,Packed,21.8,22.1,0.0,0.0,2.8,3.6,ðŸ•™ 10:00-22:00,
2023-08-16,"August 16, 2023",160,89%,Packed,22.2,22.0,0.0,0.0,2.6,3.7,ðŸ•™ 10:00-22:00,
2023-08-17,"August 17, 2023",160,75%,Packed,21.4,19.3,0.0,0.0,3.0,3.9,ðŸ•™ 10:00-22:00,
2023-08-18,"August 18, 2023",160,56%,Busy,24.8,22.6,0.0,0.0,2.4,2.7,ðŸ•™ 10:00-22:00,
2023-08-19,"August 19, 2023",160,71%,Busy,22.6,23.4,0.11,0.0,2.7,3.4,ðŸ•™ 10:00-22:00,
2023-08-20,"August 20, 2023",160,51%,Busy,23.1,24.2,0.0,0.0,2.3,2.7,ðŸ•™ 10:00-22:00,
2023-08-21,"August 21, 2023",160,48%,Quiet,23.9,23.6,0.0,0.0,1.7,2.5,ðŸ•™ 10:00-22:00,
2023-08-22,"August 22, 2023",160,51%,Busy,22.9,21.9,0.0,0.0,2.4,2.8,ðŸ•™ 10:00-22:00,
2023-08-23,"August 23, 2023",160,59%,Busy,23.4,23.7,0.0,0.0,1.6,2.3,ðŸ•™ 10:00-22:00,
2023-08-24,"August 24, 2023",160,43%,Quiet,22.4,22.9,0.13,0.12,2.1,2.7,ðŸ•™ 10:00-22:00,
2023-08-25,"August 25, 2023",160,35%,Quiet,20.7,20.2,0.07,0.52,2.8,3.0,ðŸ•™ 10:00-22:00,
2023-08-26,"August 26, 2023",160,77%,Packed,17.9,17.9,0.09,0.0,3.4,3.8,ðŸ•™ 10:00-22:00,
2023-08-27,"August 27, 2023",160,36%,Quiet,17.3,16.4,0.02,0.05,4.1,4.1,ðŸ•™ 10:00-22:00,
2023-08-28,"August 28, 2023",160,75%,Packed,18.4,18.0,0.08,0.08,1.6,2.2,ðŸ•™ 10:00-21:00,
2023-08-29,"August 29, 2023",160,36%,Quiet,18.4,17.6,0.0,0.0,2.0,2.2,ðŸ•™ 10:00-21:00,
2023-08-30,"August 30, 2023",160,15%,Empty,15.7,16.8,0.41,0.11,3.2,5.1,ðŸ•™ 10:00-21:00,
2023-08-31,"August 31, 2023",160,21%,Empty,16.5,17.5,0.0,0.0,3.4,3.1,ðŸ•™ 10:00-21:00,
2023-09-01,"September 01, 2023",160,8%,Empty,18.1,18.4,0.52,0.45,1.6,1.7,ðŸ•™ 10:00-22:00,
2023-09-02,"September 02, 2023",160,77%,Packed,20.7,19.4,0.13,0.0,0.7,2.3,ðŸ•™ 10:00-22:00,
2023-09-03,"September 03, 2023",160,54%,Busy,20.6,21.6,0.0,0.0,1.4,1.9,ðŸ•™ 10:00-21:00,
2023-09-04,"September 04, 2023",160,19%,Empty,23.4,23.2,0.0,0.0,2.9,3.5,ðŸ•™ 10:00-18:00,
2023-09-05,"September 05, 2023",160,5%,Empty,26.4,26.8,0.0,0.0,2.8,3.5,ðŸ•™ 10:00-18:00,
2023-09-06,"September 06, 2023",160,4%,Empty,27.6,27.8,0.0,0.0,1.9,2.9,ðŸ•™ 10:00-18:00,
2023-09-07,"September 07, 2023",160,6%,Empty,26.9,27.2,0.0,0.0,3.0,4.0,ðŸ•™ 10:00-18:00,
2023-09-08,"September 08, 2023",160,29%,Quiet,28.0,28.0,0.0,0.0,1.5,2.0,ðŸ•™ 10:00-18:00,
2023-09-09,"September 09, 2023",160,60%,Busy,27.5,26.4,0.0,0.0,0.5,1.5,ðŸ•™ 10:00-20:00,
2023-09-10,"September 10, 2023",160,36%,Quiet,29.6,29.2,0.0,0.0,1.8,1.9,ðŸ•™ 10:00-20:00,
2023-09-11,"September 11, 2023",160,7%,Empty,26.6,26.1,0.0,0.0,2.5,3.5,ðŸ•™ 10:00-18:00,
2023-09-12,"September 12, 2023",160,17%,Empty,22.9,23.1,0.0,0.0,2.5,1.8,ðŸ•™ 10:00-18:00,
2023-09-13,"September 13, 2023",160,9%,Empty,18.4,18.6,0.06,0.0,3.5,5.4,ðŸ•™ 10:00-18:00,
2023-09-14,"September 14, 2023",160,18%,Empty,18.4,19.5,0.0,0.0,1.6,1.9,ðŸ•™ 10:00-18:00,
2023-09-15,"September 15, 2023",160,25%,Quiet,20.4,20.5,0.0,0.0,1.7,2.2,ðŸ•™ 10:00-18:00,
2023-09-16,"September 16, 2023",160,79%,Packed,22.8,23.0,0.0,0.12,1.6,2.4,ðŸ•™ 10:00-20:00,
2023-09-17,"September 17, 2023",160,69%,Busy,21.9,19.4,0.0,0.0,2.0,1.7,ðŸ•™ 10:00-20:00,
2023-09-18,"September 18, 2023",160,41%,Quiet,21.9,20.0,0.0,0.09,5.5,6.6,ðŸ•™ 10:00-18:00,
2023-09-19,"September 19, 2023",160,24%,Empty,17.5,18.3,0.04,0.0,6.0,7.6,ðŸ•™ 10:00-18:00,
2023-09-20,"September 20, 2023",160,21%,Empty,20.0,20.2,0.0,0.06,5.8,6.8,ðŸ•™ 10:00-18:00,
2023-09-21,"September 21, 2023",160,4%,Empty,17.3,15.3,0.69,2.23,3.7,2.3,ðŸ•™ 10:00-18:00,
2023-09-22,"September 22, 2023",160,32%,Quiet,15.5,15.5,0.0,0.28,4.9,4.4,ðŸ•™ 10:00-18:00,
2023-09-23,"September 23, 2023",160,65%,Busy,14.9,15.2,0.05,0.14,3.9,4.1,ðŸ•™ 10:00-20:00,
2023-09-24,"September 24, 2023",160,80%,Packed,17.1,17.8,0.0,0.0,3.2,4.6,ðŸ•™ 10:00-20:00,
2023-09-25,"September 25, 2023",160,57%,Busy,18.7,19.4,0.0,0.0,2.7,3.6,ðŸ•™ 10:00-18:00,
2023-09-26,"September 26, 2023",160,5%,Empty,19.7,20.0,0.0,0.0,2.2,2.4,ðŸ•™ 10:00-18:00,
2023-09-27,"September 27, 2023",160,27%,Quiet,20.2,20.9,0.0,0.0,2.3,2.6,ðŸ•™ 10:00-18:00,
2023-09-28,"September 28, 2023",160,38%,Quiet,18.9,19.1,0.01,0.0,3.2,3.4,ðŸ•™ 10:00-18:00,
2023-09-29,"September 29, 2023",160,66%,Busy,20.7,19.0,0.0,0.04,4.4,5.1,ðŸ•™ 10:00-18:00,
2023-09-30,"September 30, 2023",160,79%,Packed,17.3,16.9,0.0,0.0,2.4,2.7,ðŸ•™ 10:00-20:00,
2023-10-01,"October 01, 2023",160,85%,Packed,19.6,21.2,0.0,0.0,2.8,3.4,ðŸ•™ 10:00-20:00,
2023-10-02,"October 02, 2023",160,98%,Packed,21.8,22.2,0.0,0.0,2.2,2.6,ðŸ•™ 10:00-18:00,
2023-10-03,"October 03, 2023",160,37%,Quiet,16.6,16.0,0.26,0.09,5.2,5.8,ðŸ•™ 10:00-18:00,
2023-10-04,"October 04, 2023",160,47%,Quiet,15.6,16.0,0.0,0.0,4.2,4.3,ðŸ•™ 10:00-18:00,
2023-10-05,"October 05, 2023",160,83%,Packed,15.6,16.6,0.0,0.0,3.4,3.8,ðŸ•™ 10:00-19:00,
2023-10-06,"October 06, 2023",160,81%,Packed,17.3,17.7,0.0,0.0,4.2,4.8,ðŸ•™ 10:00-18:00,
2023-10-07,"October 07, 2023",160,92%,Packed,19.4,20.2,0.0,0.0,4.7,5.1,ðŸ•™ 10:00-20:00,
2023-10-08,"October 08, 2023",160,84%,Packed,19.3,18.0,0.0,0.0,1.6,2.0,ðŸ•™ 10:00-20:00,
2023-10-09,"October 09, 2023",160,57%,Busy,19.7,19.6,0.0,0.0,2.8,3.6,ðŸ•™ 10:00-18:00,
2023-10-10,"October 10, 2023",160,53%,Busy,19.1,19.9,0.0,0.0,3.1,3.6,ðŸ•™ 10:00-18:00,
2023-10-11,"October 11, 2023",160,59%,Busy,19.8,18.4,0.0,0.0,4.8,4.9,ðŸ•™ 10:00-18:00,
2023-10-12,"October 12, 2023",160,12%,Empty,16.6,16.4,0.53,0.58,3.0,3.6,ðŸ•™ 10:00-18:00,
2023-10-13,"October 13, 2023",160,42%,Quiet,19.6,21.0,0.21,0.09,5.9,6.7,ðŸ•™ 10:00-18:00,
2023-10-14,"October 14, 2023",160,52%,Busy,12.5,12.4,0.0,0.01,4.3,5.4,ðŸ•™ 10:00-20:00,
2023-10-15,"October 15, 2023",160,51%,Busy,10.0,8.8,0.06,0.07,3.1,2.6,ðŸ•™ 10:00-20:00,
2023-10-16,"October 16, 2023",160,74%,Busy,10.7,11.1,0.0,0.0,1.3,1.5,ðŸ•™ 10:00-20:00,
2023-10-17,"October 17, 2023",160,86%,Packed,11.0,11.2,0.0,0.0,3.5,5.6,ðŸ•™ 10:00-20:00,
2023-10-18,"October 18, 2023",160,84%,Packed,11.9,12.3,0.01,0.0,4.8,5.9,ðŸ•™ 10:00-20:00,
2023-10-19,"October 19, 2023",160,45%,Quiet,15.9,16.5,0.19,0.0,2.8,3.6,ðŸ•™ 10:00-20:00,
2023-10-20,"October 20, 2023",160,8%,Empty,13.6,13.6,1.03,1.13,2.7,4.9,ðŸ•™ 10:00-20:00,
2023-10-21,"October 21, 2023",160,51%,Busy,13.9,14.3,0.22,0.21,5.1,7.5,ðŸ•™ 10:00-20:00,
2023-10-22,"October 22, 2023",160,64%,Busy,13.4,13.5,0.03,0.03,3.2,3.1,ðŸ•™ 10:00-20:00,
2023-10-23,"October 23, 2023",160,77%,Packed,12.6,11.9,0.03,0.05,2.9,3.5,ðŸ•™ 10:00-19:00,
2023-10-24,"October 24, 2023",160,25%,Quiet,12.1,12.6,0.31,0.29,4.7,4.3,ðŸ•™ 10:00-19:00,
2023-10-25,"October 25, 2023",160,17%,Empty,10.5,10.3,1.22,0.96,2.8,3.5,ðŸ•™ 10:00-19:00,
2023-10-26,"October 26, 2023",160,16%,Empty,11.3,10.2,0.24,0.02,2.0,2.5,ðŸ•™ 10:00-19:00,
2023-10-27,"October 27, 2023",160,11%,Empty,11.8,11.7,0.41,0.66,2.5,2.8,ðŸ•™ 10:00-19:00,
2023-10-28,"October 28, 2023",160,43%,Quiet,12.4,13.1,0.01,0.03,4.1,5.5,ðŸ•™ 10:00-20:00,
2023-10-29,"October 29, 2023",160,44%,Quiet,13.6,13.4,0.04,0.3,4.9,6.3,ðŸ•™ 10:00-20:00,
2023-10-30,"October 30, 2023",160,66%,Busy,13.2,12.4,0.02,0.47,2.7,3.0,ðŸ•™ 10:00-20:00,
2023-10-31,"October 31, 2023",160,31%,Quiet,12.5,11.0,0.1,0.16,3.4,3.5,ðŸ•™ 10:00-20:00,
2023-11-01,"November 01, 2023",160,60%,Busy,12.9,13.3,0.05,0.12,5.2,7.1,ðŸ•™ 10:00-20:00,
2023-11-02,"November 02, 2023",160,39%,Quiet,12.0,12.1,0.03,0.36,8.7,12.4,ðŸ•™ 10:00-20:00,
2023-11-03,"November 03, 2023",160,42%,Quiet,9.9,10.3,0.0,0.0,5.9,6.6,ðŸ•™ 10:00-20:00,
2023-11-04,"November 04, 2023",160,35%,Quiet,9.5,9.5,0.63,0.77,5.5,5.4,ðŸ•™ 10:00-20:00,
2023-11-05,"November 05, 2023",160,36%,Quiet,10.9,11.0,0.09,0.15,6.1,5.6,ðŸ•™ 10:00-20:00,
2023-11-06,"November 06, 2023",160,37%,Quiet,10.6,10.7,0.0,0.0,6.1,5.7,ðŸ•š 11:00-18:00,
2023-11-07,"November 07, 2023",160,18%,Empty,10.3,10.6,0.1,0.05,5.2,5.3,ðŸ•š 11:00-18:00,
2023-11-08,"November 08, 2023",160,22%,Empty,9.9,9.9,0.18,0.26,6.0,7.5,ðŸ•š 11:00-18:00,
2023-11-09,"November 09, 2023",160,18%,Empty,10.1,10.2,0.18,0.08,4.9,5.8,ðŸ•š 11:00-18:00,
2023-11-10,"November 10, 2023",160,22%,Empty,8.4,8.4,0.25,0.16,3.7,4.9,ðŸ•š 11:00-18:00,
2023-11-11,"November 11, 2023",160,83%,Packed,7.8,8.2,0.0,0.05,3.2,3.5,ðŸ•™ 10:00-20:00,
2023-11-12,"November 12, 2023",160,85%,Packed,7.6,5.8,0.0,0.0,1.6,1.8,ðŸ•™ 10:00-20:00,
2023-11-13,"November 13, 2023",160,16%,Empty,13.3,13.4,0.56,0.43,5.8,6.9,ðŸŽ„ 11:00-18:00,ðŸŽ„ Winter Efteling
2023-11-14,"November 14, 2023",160,27%,Quiet,11.8,11.7,0.09,0.48,5.2,4.9,ðŸŽ„ 11:00-18:00,ðŸŽ„ Winter Efteling
2023-11-15,"November 15, 2023",160,10%,Empty,10.4,11.1,0.13,0.11,5.3,5.4,ðŸŽ„ 11:00-18:00,ðŸŽ„ Winter Efteling
2023-11-16,"November 16, 2023",160,21%,Empty,7.9,7.9,0.0,0.0,1.9,2.6,ðŸŽ„ 11:00-18:00,ðŸŽ„ Winter Efteling
2023-11-17,"November 17, 2023",160,14%,Empty,8.0,7.3,0.01,0.0,1.5,2.1,ðŸŽ„ 11:00-18:00,ðŸŽ„ Winter Efteling
2023-11-18,"November 18, 2023",160,40%,Quiet,8.1,8.5,1.0,1.0,4.4,6.0,ðŸŽ„ 10:00-19:00,ðŸŽ„ Winter Efteling
2023-11-19,"November 19, 2023",160,41%,Quiet,12.1,12.7,0.3,0.17,6.1,6.1,ðŸŽ„ 10:00-19:00,ðŸŽ„ Winter Efteling
2023-11-20,"November 20, 2023",160,11%,Empty,9.9,10.3,0.33,0.05,3.3,3.1,ðŸŽ„ 11:00-18:00,ðŸŽ„ Winter Efteling
2023-11-21,"November 21, 2023",160,15%,Empty,9.5,10.0,0.0,0.05,2.3,4.0,ðŸŽ„ 11:00-18:00,ðŸŽ„ Winter Efteling
2023-11-22,"November 22, 2023",160,23%,Empty,4.8,4.2,0.0,0.0,2.4,3.4,ðŸŽ„ 11:00-18:00,ðŸŽ„ Winter Efteling
2023-11-23,"November 23, 2023",160,18%,Empty,11.6,12.1,0.0,0.0,5.2,6.3,ðŸŽ„ 11:00-18:00,ðŸŽ„ Winter Efteling
2023-11-24,"November 24, 2023",160,20%,Empty,7.0,6.3,0.09,0.16,5.9,6.7,ðŸŽ„ 11:00-18:00,ðŸŽ„ Winter Efteling
2023-11-25,"November 25, 2023",160,53%,Busy,7.3,6.8,0.02,0.04,4.2,4.9,ðŸŽ„ 10:00-19:00,ðŸŽ„ Winter Efteling
2023-11-26,"November 26, 2023",160,42%,Quiet,6.8,6.5,0.08,0.17,3.0,2.7,ðŸŽ„ 10:00-19:00,ðŸŽ„ Winter Efteling
2023-11-27,"November 27, 2023",160,16%,Empty,5.3,5.9,0.6,1.75,3.7,2.6,ðŸŽ„ 11:00-18:00,ðŸŽ„ Winter Efteling
2023-11-28,"November 28, 2023",160,15%,Empty,1.8,2.8,0.0,0.0,1.7,1.9,ðŸŽ„ 11:00-18:00,ðŸŽ„ Winter Efteling
2023-11-29,"November 29, 2023",160,11%,Empty,4.2,2.7,0.1,0.04,2.2,2.3,ðŸŽ„ 11:00-18:00,ðŸŽ„ Winter Efteling
2023-11-30,"November 30, 2023",160,14%,Empty,1.0,1.7,0.0,0.0,1.1,2.0,ðŸŽ„ 11:00-18:00,ðŸŽ„ Winter Efteling
2023-12-01,"December 01, 2023",160,27%,Quiet,0.1,0.1,0.0,0.0,2.2,3.5,ðŸŽ„ 11:00-18:00,ðŸŽ„ Winter Efteling
2023-12-02,"December 02, 2023",160,91%,Packed,0.2,0.4,0.0,0.0,1.7,2.2,ðŸŽ„ 10:00-19:00,ðŸŽ„ Winter Efteling
2023-12-03,"December 03, 2023",160,89%,Packed,0.3,1.3,0.49,0.35,4.4,5.2,ðŸŽ„ 10:00-19:00,ðŸŽ„ Winter Efteling
2023-12-04,"December 04, 2023",160,19%,Empty,1.7,2.1,0.48,0.2,4.1,4.9,ðŸŽ„ 11:00-18:00,ðŸŽ„ Winter Efteling
2023-12-05,"December 05, 2023",160,12%,Empty,2.4,2.5,0.04,0.03,2.8,3.2,ðŸŽ„ 11:00-18:00,ðŸŽ„ Winter Efteling
2023-12-06,"December 06, 2023",160,59%,Busy,4.8,5.0,0.0,0.0,2.5,2.6,ðŸŽ„ 10:00-18:00,ðŸŽ„ Winter Efteling
2023-12-07,"December 07, 2023",160,13%,Empty,3.0,3.4,0.0,0.0,3.1,3.9,ðŸŽ„ 11:00-18:00,ðŸŽ„ Winter Efteling
2023-12-08,"December 08, 2023",160,28%,Quiet,7.2,7.5,0.03,0.0,2.7,3.6,ðŸŽ„ 11:00-18:00,ðŸŽ„ Winter Efteling
2023-12-09,"December 09, 2023",160,75%,Packed,8.3,8.3,0.63,0.8,5.6,6.7,ðŸŽ„ 10:00-19:00,ðŸŽ„ Winter Efteling
2023-12-10,"December 10, 2023",160,88%,Packed,8.6,9.8,0.18,0.46,5.3,6.5,ðŸŽ„ 10:00-19:00,ðŸŽ„ Winter Efteling
2023-12-11,"December 11, 2023",160,12%,Empty,9.6,9.9,0.03,0.15,5.2,5.0,ðŸŽ„ 11:00-18:00,ðŸŽ„ Winter Efteling
2023-12-12,"December 12, 2023",160,3%,Empty,9.6,10.1,0.38,0.36,3.1,3.8,ðŸŽ„ 11:00-18:00,ðŸŽ„ Winter Efteling
2023-12-13,"December 13, 2023",160,3%,Empty,8.5,8.4,0.03,0.06,1.8,1.5,ðŸŽ„ 11:00-18:00,ðŸŽ„ Winter Efteling
2023-12-14,"December 14, 2023",160,5%,Empty,5.9,5.6,0.0,0.01,1.9,1.9,ðŸŽ„ 11:00-18:00,ðŸŽ„ Winter Efteling
2023-12-15,"December 15, 2023",160,25%,Quiet,7.9,8.8,0.0,0.0,2.7,2.2,ðŸŽ„ 11:00-18:00,ðŸŽ„ Winter Efteling
2023-12-16,"December 16, 2023",160,90%,Packed,7.7,8.8,0.0,0.0,3.3,4.0,ðŸŽ„ 10:00-19:00,ðŸŽ„ Winter Efteling
2023-12-17,"December 17, 2023",160,81%,Packed,7.6,8.2,0.01,0.0,3.8,4.6,ðŸŽ„ 10:00-19:00,ðŸŽ„ Winter Efteling
2023-12-18,"December 18, 2023",160,35%,Quiet,6.4,6.5,0.0,0.0,4.8,5.4,ðŸŽ„ 11:00-18:00,ðŸŽ„ Winter Efteling
2023-12-19,"December 19, 2023",160,31%,Quiet,6.6,7.7,0.79,1.26,5.1,5.0,ðŸŽ„ 11:00-18:00,ðŸŽ„ Winter Efteling
2023-12-20,"December 20, 2023",160,45%,Quiet,7.4,8.2,0.35,0.24,5.1,5.5,ðŸŽ„ 11:00-18:00,ðŸŽ„ Winter Efteling
2023-12-21,"December 21, 2023",160,41%,Quiet,10.5,11.5,0.36,0.48,8.3,9.5,ðŸŽ„ 11:00-18:00,ðŸŽ„ Winter Efteling
2023-12-22,"December 22, 2023",160,48%,Quiet,9.3,10.6,0.36,0.34,7.3,9.6,ðŸŽ„ 10:00-18:00,ðŸŽ„ Winter Efteling
2023-12-23,"December 23, 2023",160,34%,Quiet,10.2,10.9,0.0,0.0,7.0,7.6,ðŸŽ„ 10:00-20:00,ðŸŽ„ Winter Efteling
2023-12-24,"December 24, 2023",160,5%,Empty,11.8,12.4,0.2,1.38,7.3,7.6,ðŸŽ„ 10:00-20:00,ðŸŽ„ Winter Efteling
2023-12-25,"December 25, 2023",160,24%,Empty,11.9,11.2,0.64,0.41,5.0,4.6,ðŸŽ„ 10:00-20:00,ðŸŽ„ Winter Efteling
2023-12-26,"December 26, 2023",160,78%,Packed,8.5,8.7,0.0,0.01,4.7,4.4,ðŸŽ„ 10:00-20:00,ðŸŽ„ Winter Efteling
2023-12-27,"December 27, 2023",160,87%,Packed,8.6,9.2,0.01,0.01,5.4,6.6,ðŸŽ„ 10:00-20:00,ðŸŽ„ Winter Efteling
2023-12-28,"December 28, 2023",160,99%,Packed,9.5,11.0,0.0,0.0,6.4,7.6,ðŸŽ„ 10:00-20:00,ðŸŽ„ Winter Efteling
2023-12-29,"December 29, 2023",160,76%,Packed,9.7,10.4,0.13,0.39,6.1,6.2,ðŸŽ„ 10:00-20:00,ðŸŽ„ Winter Efteling
2023-12-30,"December 30, 2023",160,82%,Packed,8.6,9.3,0.01,0.0,4.4,5.2,ðŸŽ„ 10:00-20:00,ðŸŽ„ Winter Efteling
2023-12-31,"December 31, 2023",160,31%,Quiet,8.9,9.2,0.14,0.2,6.1,7.7,ðŸŽ„ 10:00-18:00,ðŸŽ„ Winter Efteling
2024-01-01,"January 01, 2024",160,34%,Quiet,7.3,7.6,0.07,0.23,5.4,5.4,ðŸŽ„ 10:00-20:00,ðŸŽ„ Winter Efteling
2024-01-02,"January 02, 2024",160,23%,Empty,11.2,11.7,1.44,1.15,5.8,7.6,ðŸŽ„ 10:00-20:00,ðŸŽ„ Winter Efteling
2024-01-03,"January 03, 2024",160,51%,Busy,9.3,9.9,0.17,0.28,5.6,6.6,ðŸŽ„ 10:00-20:00,ðŸŽ„ Winter Efteling
2024-01-04,"January 04, 2024",160,78%,Packed,8.1,7.9,0.15,0.14,3.7,3.0,ðŸŽ„ 10:00-20:00,ðŸŽ„ Winter Efteling
2024-01-05,"January 05, 2024",160,71%,Busy,7.1,6.7,0.06,0.05,4.9,5.5,ðŸŽ„ 10:00-20:00,ðŸŽ„ Winter Efteling
2024-01-06,"January 06, 2024",160,84%,Packed,4.1,3.6,0.03,0.0,3.4,4.1,ðŸŽ„ 10:00-20:00,ðŸŽ„ Winter Efteling
2024-01-07,"January 07, 2024",160,56%,Busy,-0.3,0.0,0.0,0.01,4.6,5.9,ðŸŽ„ 10:00-20:00,ðŸŽ„ Winter Efteling
2024-01-08,"January 08, 2024",160,47%,Quiet,-2.2,-1.2,0.0,0.0,5.1,7.1,ðŸŽ„ 11:00-18:00,ðŸŽ„ Winter Efteling
2024-01-09,"January 09, 2024",160,6%,Empty,-2.8,-1.7,0.0,0.0,4.2,6.3,ðŸŽ„ 11:00-18:00,ðŸŽ„ Winter Efteling
2024-01-10,"January 10, 2024",160,13%,Empty,-2.7,-1.4,0.0,0.0,2.9,3.8,ðŸŽ„ 11:00-18:00,ðŸŽ„ Winter Efteling
2024-01-11,"January 11, 2024",160,1%,Empty,-1.6,-1.0,0.0,0.0,2.2,2.9,ðŸŽ„ 11:00-18:00,ðŸŽ„ Winter Efteling
2024-01-12,"January 12, 2024",160,19%,Empty,1.4,3.4,0.0,0.0,1.2,1.4,ðŸŽ„ 11:00-18:00,ðŸŽ„ Winter Efteling
2024-01-13,"January 13, 2024",160,90%,Packed,4.2,3.2,0.01,0.02,3.9,3.5,ðŸŽ„ 10:00-19:00,ðŸŽ„ Winter Efteling
2024-01-14,"January 14, 2024",160,90%,Packed,3.5,1.4,0.17,0.19,3.8,4.2,ðŸŽ„ 10:00-19:00,ðŸŽ„ Winter Efteling
2024-01-15,"January 15, 2024",160,4%,Empty,2.7,1.1,0.15,0.09,4.3,4.5,ðŸŽ„ 11:00-18:00,ðŸŽ„ Winter Efteling
2024-01-16,"January 16, 2024",160,12%,Empty,0.8,0.5,0.0,0.0,3.6,3.5,ðŸŽ„ 11:00-18:00,ðŸŽ„ Winter Efteling
2024-01-17,"January 17, 2024",160,11%,Empty,-0.3,-1.4,0.0,0.0,0.9,1.9,ðŸŽ„ 11:00-18:00,ðŸŽ„ Winter Efteling
2024-01-18,"January 18, 2024",160,9%,Empty,1.7,1.1,0.0,0.0,2.0,2.3,ðŸŽ„ 11:00-18:00,ðŸŽ„ Winter Efteling
2024-01-19,"January 19, 2024",160,4%,Empty,1.4,2.0,0.0,0.0,2.6,3.1,ðŸŽ„ 11:00-18:00,ðŸŽ„ Winter Efteling
2024-01-20,"January 20, 2024",160,75%,Packed,0.2,-0.7,0.0,0.0,3.2,4.3,ðŸŽ„ 10:00-19:00,ðŸŽ„ Winter Efteling
2024-01-21,"January 21, 2024",160,79%,Packed,2.1,4.0,0.04,0.0,5.9,7.5,ðŸŽ„ 10:00-19:00,ðŸŽ„ Winter Efteling
2024-01-22,"January 22, 2024",160,9%,Empty,9.7,9.9,0.04,0.26,6.5,9.0,ðŸŽ„ 11:00-18:00,ðŸŽ„ Winter Efteling
2024-01-23,"January 23, 2024",160,10%,Empty,7.5,8.2,0.19,0.29,5.3,6.2,ðŸŽ„ 11:00-18:00,ðŸŽ„ Winter Efteling
2024-01-24,"January 24, 2024",160,23%,Empty,9.6,10.7,0.0,0.0,6.9,7.4,ðŸŽ„ 11:00-18:00,ðŸŽ„ Winter Efteling
2024-01-25,"January 25, 2024",160,3%,Empty,8.0,7.8,0.1,0.03,2.7,3.3,ðŸŽ„ 11:00-18:00,ðŸŽ„ Winter Efteling
2024-01-26,"January 26, 2024",160,31%,Quiet,8.7,8.3,0.04,0.06,5.7,8.3,ðŸŽ„ 11:00-18:00,ðŸŽ„ Winter Efteling
2024-01-27,"January 27, 2024",160,74%,Busy,4.7,5.2,0.0,0.0,2.2,2.5,ðŸŽ„ 10:00-19:00,ðŸŽ„ Winter Efteling
2024-01-28,"January 28, 2024",160,80%,Packed,6.3,7.1,0.0,0.0,2.4,3.0,ðŸŽ„ 10:00-19:00,ðŸŽ„ Winter Efteling
2024-01-29,"January 29, 2024",160,43%,Quiet,9.0,10.0,0.0,0.0,2.4,2.9,ðŸŽ„ 11:00-18:00,ðŸŽ„ Winter Efteling
2024-01-30,"January 30, 2024",160,3%,Empty,8.9,9.7,0.0,0.03,5.3,5.5,ðŸŽ„ 11:00-18:00,ðŸŽ„ Winter Efteling
2024-01-31,"January 31, 2024",160,11%,Empty,7.1,7.4,0.0,0.0,3.5,4.5,ðŸŽ„ 11:00-18:00,ðŸŽ„ Winter Efteling
2024-02-01,"February 01, 2024",160,11%,Empty,7.2,8.1,0.0,0.0,3.1,3.7,ðŸŽ„ 11:00-18:00,ðŸŽ„ Winter Efteling
2024-02-02,"February 02, 2024",160,30%,Quiet,8.8,9.0,0.0,0.0,4.9,5.2,ðŸŽ„ 11:00-18:00,ðŸŽ„ Winter Efteling
2024-02-03,"February 03, 2024",160,22%,Empty,10.1,10.4,0.41,0.03,4.9,5.0,ðŸŽ„ 10:00-19:00,ðŸŽ„ Winter Efteling
2024-02-04,"February 04, 2024",160,72%,Busy,11.1,11.7,0.06,0.04,6.3,7.3,ðŸŽ„ 10:00-19:00,ðŸŽ„ Winter Efteling
2024-02-05,"February 05, 2024",160,17%,Empty,9.7,10.3,0.0,0.0,6.5,8.4,ðŸ•š 11:00-18:00,
2024-02-06,"February 06, 2024",160,3%,Empty,10.8,11.7,0.04,0.01,7.7,8.4,ðŸ•š 11:00-18:00,
2024-02-07,"February 07, 2024",160,10%,Empty,6.7,5.8,0.01,0.0,1.6,1.8,ðŸ•š 11:00-18:00,
2024-02-08,"February 08, 2024",160,20%,Empty,3.1,4.3,1.18,1.23,3.6,4.1,ðŸ•š 11:00-18:00,
2024-02-09,"February 09, 2024",160,4%,Empty,12.2,12.4,0.0,0.03,4.6,4.8,ðŸ•š 11:00-18:00,
2024-02-10,"February 10, 2024",160,27%,Quiet,11.2,11.9,0.0,0.0,1.7,2.8,ðŸ•™ 10:00-18:00,
2024-02-11,"February 11, 2024",160,26%,Quiet,9.7,9.2,0.02,0.02,3.5,2.6,ðŸ•™ 10:00-18:00,
2024-02-12,"February 12, 2024",160,41%,Quiet,7.7,8.4,0.1,0.01,3.7,3.8,ðŸ•™ 10:00-18:00,
2024-02-13,"February 13, 2024",160,39%,Quiet,7.6,8.5,0.01,0.0,3.8,4.7,ðŸ•™ 10:00-18:00,
2024-02-14,"February 14, 2024",160,22%,Empty,11.2,11.8,0.91,0.57,4.2,5.1,ðŸ•™ 10:00-18:00,
2024-02-15,"February 15, 2024",160,34%,Quiet,14.0,14.4,0.01,0.01,3.6,3.6,ðŸ•™ 10:00-18:00,
2024-02-16,"February 16, 2024",160,43%,Quiet,11.8,12.4,0.18,0.2,4.2,3.9,ðŸ•™ 10:00-18:00,
2024-02-17,"February 17, 2024",160,59%,Busy,11.4,11.6,0.0,0.0,2.2,2.4,ðŸ•™ 10:00-18:00,
2024-02-18,"February 18, 2024",160,3%,Empty,8.7,9.6,1.18,0.71,4.2,7.4,ðŸ•™ 10:00-18:00,
2024-02-19,"February 19, 2024",160,25%,Quiet,9.3,9.9,0.26,0.09,4.6,4.4,ðŸ•™ 10:00-18:00,
2024-02-20,"February 20, 2024",160,29%,Quiet,9.3,9.6,0.0,0.01,3.9,4.8,ðŸ•™ 10:00-18:00,
2024-02-21,"February 21, 2024",160,17%,Empty,9.1,9.5,0.24,0.27,5.2,7.1,ðŸ•™ 10:00-18:00,
2024-02-22,"February 22, 2024",160,2%,Empty,11.3,11.9,0.62,0.32,5.3,7.2,ðŸ•™ 10:00-18:00,
2024-02-23,"February 23, 2024",160,26%,Quiet,7.2,7.5,0.14,0.09,6.0,6.9,ðŸ•™ 10:00-18:00,
2024-02-24,"February 24, 2024",160,36%,Quiet,6.9,6.0,0.01,0.19,5.0,5.2,ðŸ•™ 10:00-18:00,
2024-02-25,"February 25, 2024",160,48%,Quiet,8.2,7.9,0.0,0.01,3.3,3.4,ðŸ•™ 10:00-18:00,
2024-02-26,"February 26, 2024",160,15%,Empty,6.0,5.5,0.73,0.93,5.4,7.3,ðŸ•™ 10:00-18:00,
2024-02-27,"February 27, 2024",160,9%,Empty,7.3,7.4,0.0,0.0,2.5,3.5,ðŸ•™ 10:00-18:00,
2024-02-28,"February 28, 2024",160,3%,Empty,8.4,7.4,0.0,0.0,3.2,4.0,ðŸ•™ 10:00-18:00,
2024-02-29,"February 29, 2024",160,11%,Empty,7.9,8.7,0.54,0.4,4.1,4.9,ðŸ•™ 10:00-18:00,
2024-03-01,"March 01, 2024",160,13%,Empty,8.2,8.8,0.03,0.11,5.6,7.8,ðŸ•™ 10:00-18:00,
2024-03-02,"March 02, 2024",160,96%,Packed,10.4,11.4,0.0,0.0,3.9,5.7,ðŸ•™ 10:00-19:00,
2024-03-03,"March 03, 2024",160,99%,Packed,10.1,12.3,0.01,0.03,2.4,2.9,ðŸ•™ 10:00-19:00,
2024-03-04,"March 04, 2024",160,28%,Quiet,9.8,10.1,0.0,0.0,1.8,2.1,ðŸ•™ 10:00-18:00,
2024-03-05,"March 05, 2024",160,5%,Empty,8.9,8.0,0.14,0.04,2.1,1.5,ðŸ•™ 10:00-18:00,
2024-03-06,"March 06, 2024",160,18%,Empty,9.9,10.2,0.0,0.0,1.8,2.0,ðŸ•™ 10:00-18:00,
2024-03-07,"March 07, 2024",160,19%,Empty,8.1,8.6,0.0,0.0,3.9,6.2,ðŸ•™ 10:00-18:00,
2024-03-08,"March 08, 2024",160,34%,Quiet,8.5,9.2,0.0,0.0,4.9,7.8,ðŸ•™ 10:00-18:00,
2024-03-09,"March 09, 2024",160,72%,Busy,12.4,11.8,0.0,0.0,4.3,5.2,ðŸ•™ 10:00-18:00,
2024-03-10,"March 10, 2024",160,70%,Busy,12.0,11.4,0.02,0.0,2.7,3.4,ðŸ•™ 10:00-18:00,
2024-03-11,"March 11, 2024",160,14%,Empty,8.8,8.1,0.99,0.42,4.2,2.5,ðŸ•™ 10:00-18:00,
2024-03-12,"March 12, 2024",160,6%,Empty,9.5,9.3,0.28,0.1,3.6,4.5,ðŸ•™ 10:00-18:00,
2024-03-13,"March 13, 2024",160,8%,Empty,12.7,12.2,0.01,0.0,3.6,3.7,ðŸ•™ 10:00-18:00,
2024-03-14,"March 14, 2024",160,7%,Empty,14.8,15.7,0.0,0.0,3.9,4.8,ðŸ•™ 10:00-18:00,
2024-03-15,"March 15, 2024",160,16%,Empty,13.2,14.2,0.27,0.43,4.8,5.4,ðŸ•™ 10:00-18:00,
2024-03-16,"March 16, 2024",160,62%,Busy,10.8,9.3,0.0,0.0,2.9,3.5,ðŸ•™ 10:00-18:00,
2024-03-17,"March 17, 2024",160,62%,Busy,10.4,12.6,0.72,0.22,3.5,4.1,ðŸ•™ 10:00-19:00,
2024-03-18,"March 18, 2024",160,20%,Empty,13.2,13.5,0.0,0.0,3.3,3.3,ðŸ•™ 10:00-18:00,
2024-03-19,"March 19, 2024",160,8%,Empty,15.6,15.4,0.0,0.0,3.1,4.0,ðŸ•™ 10:00-18:00,
2024-03-20,"March 20, 2024",160,38%,Quiet,16.4,16.4,0.0,0.0,1.9,1.5,ðŸ•™ 10:00-18:00,
2024-03-21,"March 21, 2024",160,14%,Empty,11.1,10.0,0.0,0.0,2.4,3.0,ðŸ•™ 10:00-18:00,
2024-03-22,"March 22, 2024",160,12%,Empty,9.4,10.0,0.54,0.6,3.3,3.8,ðŸ•™ 10:00-18:00,
2024-03-23,"March 23, 2024",160,95%,Packed,7.1,6.7,0.28,0.29,5.7,5.6,ðŸ•™ 10:00-19:00,
2024-03-24,"March 24, 2024",160,94%,Packed,7.8,8.1,0.28,0.24,6.7,8.9,ðŸ•™ 10:00-19:00,
2024-03-25,"March 25, 2024",160,24%,Empty,10.1,11.1,0.0,0.0,2.9,3.7,ðŸ•™ 10:00-18:00,
2024-03-26,"March 26, 2024",160,43%,Quiet,12.7,11.1,0.0,0.0,3.4,3.4,ðŸ•™ 10:00-18:00,
2024-03-27,"March 27, 2024",160,38%,Quiet,10.7,11.0,0.01,0.01,4.0,5.2,ðŸ•™ 10:00-18:00,
2024-03-28,"March 28, 2024",160,65%,Busy,10.5,10.3,0.04,0.14,6.0,6.7,ðŸ•™ 10:00-18:00,
2024-03-29,"March 29, 2024",160,42%,Quiet,12.9,13.1,0.0,0.01,4.7,5.1,ðŸ•™ 10:00-19:00,
2024-03-30,"March 30, 2024",160,34%,Quiet,12.1,10.3,0.0,0.05,3.3,2.7,ðŸ•™ 10:00-19:00,
2024-03-31,"March 31, 2024",160,61%,Busy,14.6,13.1,0.17,0.44,2.5,3.1,ðŸ•™ 10:00-19:00,
2024-04-01,"April 01, 2024",160,53%,Busy,11.4,12.1,0.0,0.0,3.9,4.2,ðŸ•™ 10:00-19:00,
2024-04-02,"April 02, 2024",160,65%,Busy,10.7,10.7,0.35,0.15,5.6,5.1,ðŸ•™ 10:00-19:00,
2024-04-03,"April 03, 2024",160,54%,Busy,12.9,12.4,0.13,0.06,5.0,5.4,ðŸ•™ 10:00-19:00,
2024-04-04,"April 04, 2024",160,12%,Empty,12.7,13.7,0.5,0.39,4.8,7.0,ðŸ•™ 10:00-19:00,
2024-04-05,"April 05, 2024",160,62%,Busy,15.7,16.8,0.11,0.16,5.4,6.5,ðŸ•™ 10:00-19:00,
2024-04-06,"April 06, 2024",160,79%,Packed,21.6,22.1,0.0,0.0,4.7,7.1,ðŸ•™ 10:00-19:00,
2024-04-07,"April 07, 2024",160,54%,Busy,16.9,19.0,0.01,0.01,5.3,6.6,ðŸ•™ 10:00-19:00,
2024-04-08,"April 08, 2024",160,65%,Busy,17.7,17.7,0.05,0.01,2.6,2.9,ðŸ•™ 10:00-19:00,
2024-04-09,"April 09, 2024",160,46%,Quiet,11.7,11.4,0.03,0.01,7.6,8.5,ðŸ•™ 10:00-19:00,
2024-04-10,"April 10, 2024",160,89%,Packed,13.3,13.4,0.0,0.0,3.6,4.1,ðŸ•™ 10:00-19:00,
2024-04-11,"April 11, 2024",160,64%,Busy,13.8,13.5,0.01,0.0,3.9,3.2,ðŸ•™ 10:00-19:00,
2024-04-12,"April 12, 2024",160,81%,Packed,18.5,19.1,0.0,0.0,4.9,5.1,ðŸ•™ 10:00-19:00,
2024-04-13,"April 13, 2024",160,76%,Packed,19.9,21.1,0.0,0.0,5.0,5.7,ðŸ•™ 10:00-19:00,
2024-04-14,"April 14, 2024",160,50%,Busy,13.4,14.0,0.0,0.0,3.7,3.9,ðŸ•™ 10:00-19:00,
2024-04-15,"April 15, 2024",160,2%,Empty,10.1,9.1,0.9,0.8,7.1,7.6,ðŸ•™ 10:00-18:00,
2024-04-16,"April 16, 2024",160,13%,Empty,10.3,9.2,0.48,0.64,6.0,7.5,ðŸ•™ 10:00-18:00,
2024-04-17,"April 17, 2024",160,22%,Empty,9.1,7.2,0.42,0.47,3.5,3.4,ðŸ•™ 10:00-18:00,
2024-04-18,"April 18, 2024",160,30%,Quiet,10.9,10.3,0.0,0.0,3.3,4.7,ðŸ•™ 10:00-18:00,
2024-04-19,"April 19, 2024",160,14%,Empty,9.9,10.1,0.26,0.39,5.2,8.5,ðŸ•™ 10:00-19:00,
2024-04-20,"April 20, 2024",160,32%,Quiet,9.0,8.6,0.0,0.02,5.4,6.4,ðŸ•™ 10:00-19:00,
2024-04-21,"April 21, 2024",160,34%,Quiet,9.1,8.6,0.03,0.04,3.9,5.6,ðŸ•™ 10:00-19:00,
2024-04-22,"April 22, 2024",160,37%,Quiet,8.1,8.6,0.2,0.13,3.0,3.5,ðŸ•™ 10:00-19:00,
2024-04-23,"April 23, 2024",160,39%,Quiet,8.8,9.1,0.0,0.0,2.1,3.4,ðŸ•™ 10:00-19:00,
2024-04-24,"April 24, 2024",160,23%,Empty,9.3,7.5,0.13,0.26,5.0,5.7,ðŸ•™ 10:00-19:00,
2024-04-25,"April 25, 2024",160,27%,Quiet,8.5,8.4,0.17,0.07,3.7,4.7,ðŸ•™ 10:00-19:00,
2024-04-26,"April 26, 2024",160,47%,Quiet,9.4,10.6,0.18,0.0,0.9,2.5,ðŸ•™ 10:00-19:00,
2024-04-27,"April 27, 2024",160,34%,Quiet,13.5,14.2,0.22,0.11,3.1,3.3,ðŸ•™ 10:00-19:00,
2024-04-28,"April 28, 2024",160,33%,Quiet,15.2,14.4,0.0,0.01,6.8,8.1,ðŸ•™ 10:00-19:00,
2024-04-29,"April 29, 2024",160,81%,Packed,17.2,17.3,0.0,0.0,3.3,4.2,ðŸ•™ 10:00-19:00,
2024-04-30,"April 30, 2024",160,84%,Packed,19.6,19.5,0.01,0.0,2.4,3.2,ðŸ•™ 10:00-19:00,
2024-05-01,"May 01, 2024",160,92%,Packed,23.1,22.2,0.06,0.19,2.7,4.1,ðŸ•™ 10:00-19:00,
2024-05-02,"May 02, 2024",160,75%,Packed,21.5,20.7,0.14,0.02,2.5,4.3,ðŸ•™ 10:00-19:00,
2024-05-03,"May 03, 2024",160,19%,Empty,11.5,11.6,2.09,0.31,5.3,4.8,ðŸ•™ 10:00-19:00,
2024-05-04,"May 04, 2024",160,59%,Busy,14.3,14.1,0.43,0.69,2.6,3.3,ðŸ•™ 10:00-19:00,
2024-05-05,"May 05, 2024",160,44%,Quiet,15.8,15.3,0.0,0.0,2.4,2.1,ðŸ•™ 10:00-19:00,
2024-05-06,"May 06, 2024",160,57%,Busy,16.5,16.8,0.34,0.14,2.2,3.3,ðŸ•™ 10:00-19:00,
2024-05-07,"May 07, 2024",160,78%,Packed,17.4,17.9,0.0,0.0,3.0,4.4,ðŸ•™ 10:00-19:00,
2024-05-08,"May 08, 2024",160,73%,Busy,14.7,13.7,0.0,0.0,2.7,2.4,ðŸ•™ 10:00-19:00,
2024-05-09,"May 09, 2024",160,96%,Packed,18.1,17.9,0.0,0.0,1.5,2.2,ðŸ•™ 10:00-20:00,
2024-05-10,"May 10, 2024",160,97%,Packed,19.7,19.8,0.0,0.0,1.5,2.5,ðŸ•™ 10:00-20:00,
2024-05-11,"May 11, 2024",160,62%,Busy,21.3,21.5,0.0,0.0,3.4,4.3,ðŸ•™ 10:00-19:00,
2024-05-12,"May 12, 2024",160,28%,Quiet,23.9,24.1,0.0,0.0,4.0,5.0,ðŸ•™ 10:00-19:00,
2024-05-13,"May 13, 2024",160,54%,Busy,22.0,21.9,0.13,0.02,3.4,4.2,ðŸ•™ 10:00-18:00,
2024-05-14,"May 14, 2024",160,23%,Empty,25.8,25.4,0.0,0.0,4.9,6.1,ðŸ•™ 10:00-18:00,
2024-05-15,"May 15, 2024",160,16%,Empty,18.6,16.9,0.41,0.77,2.1,2.1,ðŸ•™ 10:00-18:00,
2024-05-16,"May 16, 2024",160,13%,Empty,16.8,17.8,0.73,0.87,1.5,3.3,ðŸ•™ 10:00-18:00,
2024-05-17,"May 17, 2024",160,47%,Quiet,16.9,16.9,0.93,0.41,3.2,4.0,ðŸ•™ 10:00-18:00,
2024-05-18,"May 18, 2024",160,36%,Quiet,20.3,18.1,0.04,0.04,2.2,2.8,ðŸ•™ 10:00-19:00,
2024-05-19,"May 19, 2024",160,51%,Busy,18.7,17.6,0.71,0.38,1.9,2.4,ðŸ•™ 10:00-20:00,
2024-05-20,"May 20, 2024",160,50%,Busy,17.4,16.8,0.56,0.51,2.3,2.9,ðŸ•™ 10:00-20:00,
2024-05-21,"May 21, 2024",160,77%,Packed,21.3,19.7,0.01,0.35,2.1,3.4,ðŸ•™ 10:00-20:00,
2024-05-22,"May 22, 2024",160,27%,Quiet,18.0,16.7,0.04,0.0,5.3,5.0,ðŸ•™ 10:00-18:00,
2024-05-23,"May 23, 2024",160,46%,Quiet,17.3,17.6,0.02,0.03,3.7,3.5,ðŸ•™ 10:00-18:00,
2024-05-24,"May 24, 2024",160,22%,Empty,15.7,15.0,1.57,1.27,1.6,2.2,ðŸ•™ 10:00-18:00,
2024-05-25,"May 25, 2024",160,58%,Busy,16.5,16.2,0.37,0.39,3.1,2.8,ðŸ•™ 10:00-19:00,
2024-05-26,"May 26, 2024",160,43%,Quiet,18.3,18.1,0.93,0.81,3.3,2.6,ðŸ•™ 10:00-19:00,
2024-05-27,"May 27, 2024",160,60%,Busy,16.5,16.5,0.28,0.01,2.5,2.9,ðŸ•™ 10:00-18:00,
2024-05-28,"May 28, 2024",160,65%,Busy,15.4,16.4,0.1,0.04,4.1,4.8,ðŸ•™ 10:00-18:00,
2024-05-29,"May 29, 2024",160,39%,Quiet,16.6,17.2,0.43,0.24,4.6,4.9,ðŸ•™ 10:00-18:00,
2024-05-30,"May 30, 2024",160,71%,Busy,16.0,16.6,0.22,0.03,2.9,5.0,ðŸ•™ 10:00-18:00,
2024-05-31,"May 31, 2024",160,71%,Busy,17.1,17.0,0.0,0.06,1.8,2.8,ðŸ•™ 10:00-18:00,
2024-06-01,"June 01, 2024",160,62%,Busy,18.3,16.1,0.21,0.08,4.0,4.4,ðŸ•™ 10:00-19:00,
2024-06-02,"June 02, 2024",160,73%,Busy,17.3,16.3,0.0,0.0,4.4,5.1,ðŸ•™ 10:00-19:00,
2024-06-03,"June 03, 2024",160,81%,Packed,16.2,16.0,0.0,0.0,2.0,2.2,ðŸ•™ 10:00-18:00,
2024-06-04,"June 04, 2024",160,27%,Quiet,19.1,19.5,0.03,0.0,3.6,4.5,ðŸ•™ 10:00-18:00,
2024-06-05,"June 05, 2024",160,48%,Quiet,15.3,15.8,0.0,0.0,3.9,5.4,ðŸ•™ 10:00-18:00,
2024-06-06,"June 06, 2024",160,41%,Quiet,15.6,16.8,0.0,0.0,3.2,3.5,ðŸ•™ 10:00-18:00,
2024-06-07,"June 07, 2024",160,73%,Busy,17.2,18.6,0.0,0.0,3.8,4.3,ðŸ•™ 10:00-18:00,
2024-06-08,"June 08, 2024",160,58%,Busy,16.4,17.1,0.0,0.0,4.5,4.7,ðŸ•˜ 09:00-18:00,
2024-06-09,"June 09, 2024",160,64%,Busy,16.7,16.6,0.0,0.0,4.0,5.4,ðŸ•™ 10:00-20:00,
2024-06-10,"June 10, 2024",160,33%,Quiet,13.1,12.7,0.48,0.77,6.1,6.9,ðŸ•™ 10:00-18:00,
2024-06-11,"June 11, 2024",160,59%,Busy,13.9,13.6,0.18,0.09,4.5,4.7,ðŸ•™ 10:00-18:00,
2024-06-12,"June 12, 2024",160,58%,Busy,14.3,13.8,0.0,0.0,3.6,5.0,ðŸ•™ 10:00-18:00,
2024-06-13,"June 13, 2024",160,67%,Busy,17.6,17.6,0.0,0.0,4.3,4.3,ðŸ•™ 10:00-18:00,
2024-06-14,"June 14, 2024",160,78%,Packed,16.7,16.1,0.01,0.14,4.6,4.8,ðŸ•™ 10:00-18:00,
2024-06-15,"June 15, 2024",160,60%,Busy,15.3,16.2,0.11,0.09,6.2,7.6,ðŸ•™ 10:00-20:00,
2024-06-16,"June 16, 2024",160,21%,Empty,17.3,16.6,0.06,0.22,4.0,5.5,ðŸ•™ 10:00-20:00,
2024-06-17,"June 17, 2024",160,92%,Packed,19.2,18.8,0.0,0.0,3.2,3.4,ðŸ•™ 10:00-18:00,
2024-06-18,"June 18, 2024",160,45%,Quiet,18.3,16.7,1.56,1.03,2.3,3.0,ðŸ•™ 10:00-18:00,
2024-06-19,"June 19, 2024",160,70%,Busy,18.6,19.0,0.0,0.0,3.2,4.1,ðŸ•™ 10:00-18:00,
2024-06-20,"June 20, 2024",160,88%,Packed,18.7,19.5,0.11,0.13,3.5,3.9,ðŸ•™ 10:00-18:00,
2024-06-21,"June 21, 2024",160,76%,Packed,16.7,16.9,0.11,0.02,3.5,2.9,ðŸ•™ 10:00-18:00,
2024-06-22,"June 22, 2024",160,76%,Packed,18.1,18.4,0.0,0.0,3.3,3.5,ðŸ•™ 10:00-20:00,
2024-06-23,"June 23, 2024",160,63%,Busy,22.2,22.4,0.0,0.0,2.0,2.7,ðŸ•™ 10:00-20:00,
2024-06-24,"June 24, 2024",160,98%,Packed,23.3,24.3,0.0,0.0,0.8,1.5,ðŸ•™ 10:00-18:00,
2024-06-25,"June 25, 2024",160,75%,Packed,26.6,26.8,0.0,0.0,2.6,3.2,ðŸ•™ 10:00-18:00,
2024-06-26,"June 26, 2024",160,69%,Busy,27.9,28.2,0.0,0.0,2.1,2.9,ðŸ•™ 10:00-18:00,
2024-06-27,"June 27, 2024",160,76%,Packed,27.0,27.7,0.0,0.0,3.8,3.6,ðŸ•™ 10:00-18:00,
2024-06-28,"June 28, 2024",160,47%,Quiet,20.1,20.0,0.0,0.0,3.6,4.1,ðŸ•™ 10:00-22:00,
2024-06-29,"June 29, 2024",160,68%,Busy,23.4,22.5,0.0,0.01,1.4,2.2,ðŸ•™ 10:00-22:00,
2024-06-30,"June 30, 2024",160,50%,Busy,18.9,19.7,0.03,0.04,3.9,4.2,ðŸ•™ 10:00-21:00,
2024-07-01,"July 01, 2024",160,78%,Packed,18.7,18.3,0.0,0.0,4.1,4.4,ðŸ•™ 10:00-21:00,
2024-07-02,"July 02, 2024",160,47%,Quiet,16.5,16.4,0.01,0.01,3.7,3.9,ðŸ•™ 10:00-21:00,
2024-07-03,"July 03, 2024",160,28%,Quiet,14.8,14.8,0.33,0.51,3.3,2.9,ðŸ•™ 10:00-21:00,
2024-07-04,"July 04, 2024",160,60%,Busy,17.0,17.8,0.0,0.0,4.9,5.9,ðŸ•™ 10:00-21:00,
2024-07-05,"July 05, 2024",160,24%,Empty,15.2,16.9,0.4,0.65,3.4,4.8,ðŸ•™ 10:00-22:00,
2024-07-06,"July 06, 2024",160,44%,Quiet,17.3,17.3,0.18,0.0,6.2,7.3,ðŸ•™ 10:00-22:00,
2024-07-07,"July 07, 2024",160,38%,Quiet,17.0,16.6,0.08,0.05,3.7,3.4,ðŸ•™ 10:00-22:00,
2024-07-08,"July 08, 2024",160,55%,Busy,19.9,19.6,0.0,0.02,2.5,2.2,ðŸ•™ 10:00-22:00,
2024-07-09,"July 09, 2024",160,46%,Quiet,24.0,24.4,0.55,1.05,1.9,3.3,ðŸ•™ 10:00-22:00,
2024-07-10,"July 10, 2024",160,40%,Quiet,22.6,21.8,0.0,0.2,4.0,4.3,ðŸ•™ 10:00-22:00,
2024-07-11,"July 11, 2024",160,50%,Busy,20.2,20.0,0.0,0.0,2.8,3.4,ðŸ•™ 10:00-22:00,
2024-07-12,"July 12, 2024",160,4%,Empty,14.3,14.6,0.25,1.53,3.2,4.8,ðŸ•™ 10:00-22:00,
2024-07-13,"July 13, 2024",160,22%,Empty,15.2,15.3,0.14,0.15,4.1,4.0,ðŸ•™ 10:00-22:00,
2024-07-14,"July 14, 2024",160,59%,Busy,19.0,19.9,0.0,0.0,3.6,3.8,ðŸ•™ 10:00-22:00,
2024-07-15,"July 15, 2024",160,52%,Busy,23.1,23.0,0.15,0.04,2.2,2.8,ðŸ•™ 10:00-22:00,
2024-07-16,"July 16, 2024",160,20%,Empty,17.3,18.9,0.42,0.26,4.6,5.3,ðŸ•™ 10:00-22:00,
2024-07-17,"July 17, 2024",160,58%,Busy,21.2,21.3,0.0,0.0,3.2,3.5,ðŸ•™ 10:00-22:00,
2024-07-18,"July 18, 2024",160,31%,Quiet,23.9,25.1,0.0,0.0,1.1,1.7,ðŸ•™ 10:00-22:00,
2024-07-19,"July 19, 2024",160,8%,Empty,27.5,27.5,0.0,0.0,1.4,2.2,ðŸ•™ 10:00-22:00,
2024-07-20,"July 20, 2024",160,26%,Quiet,29.3,27.6,0.02,0.05,2.1,2.9,ðŸ•™ 10:00-22:00,
2024-07-21,"July 21, 2024",160,17%,Empty,22.6,21.2,0.03,0.01,3.6,3.0,ðŸ•™ 10:00-22:00,
2024-07-22,"July 22, 2024",160,64%,Busy,22.0,22.0,0.0,0.0,3.4,3.4,ðŸ•™ 10:00-22:00,
2024-07-23,"July 23, 2024",160,27%,Quiet,19.5,20.0,0.96,0.3,4.1,4.1,ðŸ•™ 10:00-22:00,
2024-07-24,"July 24, 2024",160,72%,Busy,20.5,20.4,0.0,0.0,1.9,2.4,ðŸ•™ 10:00-22:00,
2024-07-25,"July 25, 2024",160,49%,Quiet,20.4,22.2,0.25,0.18,2.4,3.2,ðŸ•™ 10:00-22:00,
2024-07-26,"July 26, 2024",160,28%,Quiet,20.0,21.0,0.02,0.0,2.6,3.7,ðŸ•™ 10:00-22:00,
2024-07-27,"July 27, 2024",160,48%,Quiet,20.2,21.0,0.0,0.0,1.6,2.4,ðŸ•™ 10:00-22:00,
2024-07-28,"July 28, 2024",160,51%,Busy,21.9,22.2,0.0,0.0,2.0,2.5,ðŸ•™ 10:00-22:00,
2024-07-29,"July 29, 2024",160,53%,Busy,25.2,24.9,0.0,0.0,2.3,3.0,ðŸ•™ 10:00-22:00,
2024-07-30,"July 30, 2024",160,17%,Empty,27.9,28.2,0.0,0.0,1.6,2.0,ðŸ•™ 10:00-22:00,
2024-07-31,"July 31, 2024",160,35%,Quiet,26.0,24.1,0.0,0.06,2.8,2.4,ðŸ•™ 10:00-22:00,
2024-08-01,"August 01, 2024",160,41%,Quiet,22.5,20.1,0.0,0.39,2.4,1.4,ðŸ•™ 10:00-22:00,
2024-08-02,"August 02, 2024",160,64%,Busy,23.8,23.7,0.0,0.0,1.1,1.3,ðŸ•™ 10:00-22:00,
2024-08-03,"August 03, 2024",160,63%,Busy,21.0,21.3,0.15,0.0,2.9,3.2,ðŸ•™ 10:00-22:00,
2024-08-04,"August 04, 2024",160,57%,Busy,20.1,19.8,0.0,0.01,2.2,1.9,ðŸ•™ 10:00-22:00,
2024-08-05,"August 05, 2024",160,64%,Busy,22.2,22.4,0.0,0.0,2.0,2.8,ðŸ•™ 10:00-22:00,
2024-08-06,"August 06, 2024",160,33%,Quiet,26.3,26.7,0.0,0.0,2.5,3.0,ðŸ•™ 10:00-22:00,
2024-08-07,"August 07, 2024",160,81%,Packed,21.3,20.7,0.0,0.0,2.8,3.0,ðŸ•™ 10:00-22:00,
2024-08-08,"August 08, 2024",160,84%,Packed,21.6,22.3,0.0,0.0,3.2,3.5,ðŸ•™ 10:00-22:00,
2024-08-09,"August 09, 2024",160,53%,Busy,21.7,21.2,0.01,0.0,4.5,4.3,ðŸ•™ 10:00-22:00,
2024-08-10,"August 10, 2024",160,78%,Packed,22.4,23.2,0.0,0.0,3.2,3.6,ðŸ•™ 10:00-22:00,
2024-08-11,"August 11, 2024",160,52%,Busy,24.9,25.5,0.0,0.0,1.3,2.5,ðŸ•™ 10:00-22:00,
2024-08-12,"August 12, 2024",160,17%,Empty,31.0,29.2,0.0,0.0,2.5,3.0,ðŸ•™ 10:00-22:00,
2024-08-13,"August 13, 2024",160,39%,Quiet,27.2,27.1,0.14,0.0,2.2,2.7,ðŸ•™ 10:00-22:00,
2024-08-14,"August 14, 2024",160,73%,Busy,21.0,21.2,0.16,0.03,2.2,1.9,ðŸ•™ 10:00-22:00,
2024-08-15,"August 15, 2024",160,96%,Packed,23.2,23.7,0.0,0.0,3.3,4.1,ðŸ•™ 10:00-22:00,
2024-08-16,"August 16, 2024",160,49%,Quiet,20.3,19.9,0.22,0.5,2.9,3.0,ðŸ•™ 10:00-22:00,
2024-08-17,"August 17, 2024",160,86%,Packed,22.0,21.7,0.02,0.0,1.6,2.2,ðŸ•™ 10:00-22:00,
2024-08-18,"August 18, 2024",160,66%,Busy,21.1,20.8,0.0,0.0,3.2,3.2,ðŸ•™ 10:00-22:00,
2024-08-19,"August 19, 2024",160,84%,Packed,22.0,21.3,0.0,0.0,2.6,2.8,ðŸ•™ 10:00-21:00,
2024-08-20,"August 20, 2024",160,52%,Busy,19.0,20.5,0.44,0.0,3.4,3.7,ðŸ•™ 10:00-21:00,
2024-08-21,"August 21, 2024",160,81%,Packed,18.1,18.3,0.0,0.0,4.7,4.5,ðŸ•™ 10:00-21:00,
2024-08-22,"August 22, 2024",160,75%,Packed,20.7,21.3,0.0,0.0,4.5,5.9,ðŸ•™ 10:00-21:00,
2024-08-23,"August 23, 2024",160,36%,Quiet,20.4,21.0,0.19,0.0,5.3,5.3,ðŸ•™ 10:00-22:00,
2024-08-24,"August 24, 2024",160,81%,Packed,24.0,22.2,0.32,0.0,5.0,5.5,ðŸ•™ 10:00-22:00,
2024-08-25,"August 25, 2024",160,73%,Busy,18.5,18.9,0.0,0.0,3.5,4.2,ðŸ•™ 10:00-21:00,
2024-08-26,"August 26, 2024",160,74%,Busy,19.6,19.9,0.0,0.0,3.0,3.7,ðŸ•™ 10:00-21:00,
2024-08-27,"August 27, 2024",160,54%,Busy,22.4,23.0,0.0,0.0,1.8,2.4,ðŸ•™ 10:00-21:00,
2024-08-28,"August 28, 2024",160,31%,Quiet,26.1,26.5,0.0,0.0,2.0,2.8,ðŸ•™ 10:00-21:00,
2024-08-29,"August 29, 2024",160,36%,Quiet,23.0,23.1,0.0,0.0,3.2,3.9,ðŸ•™ 10:00-21:00,
2024-08-30,"August 30, 2024",160,41%,Quiet,20.6,19.9,0.0,0.02,2.7,3.4,ðŸ•™ 10:00-22:00,
2024-08-31,"August 31, 2024",160,88%,Packed,20.8,21.4,0.0,0.0,4.4,5.6,ðŸ•™ 10:00-22:00,
2024-09-01,"September 01, 2024",160,44%,Quiet,26.9,26.7,0.0,0.0,3.5,3.8,ðŸ•™ 10:00-21:00,
2024-09-02,"September 02, 2024",160,18%,Empty,26.0,26.5,0.11,0.03,1.6,2.8,ðŸ•™ 10:00-18:00,
2024-09-03,"September 03, 2024",160,19%,Empty,20.9,22.2,0.13,0.79,2.7,3.0,ðŸ•™ 10:00-18:00,
2024-09-04,"September 04, 2024",160,3%,Empty,20.4,19.8,0.0,0.0,1.9,1.8,ðŸ•™ 10:00-18:00,
2024-09-05,"September 05, 2024",160,30%,Quiet,23.7,22.5,0.0,0.0,4.0,5.0,ðŸ•™ 10:00-18:00,
2024-09-06,"September 06, 2024",160,24%,Empty,23.0,20.5,0.31,0.28,2.0,2.7,ðŸ•™ 10:00-18:00,
2024-09-07,"September 07, 2024",160,78%,Packed,22.7,24.4,0.0,0.0,2.2,2.9,ðŸ•™ 10:00-20:00,
2024-09-08,"September 08, 2024",160,70%,Busy,19.5,20.3,0.0,0.0,3.9,5.5,ðŸ•™ 10:00-20:00,
2024-09-09,"September 09, 2024",160,20%,Empty,19.0,18.7,0.13,0.09,4.7,3.8,ðŸ•™ 10:00-18:00,
2024-09-10,"September 10, 2024",160,5%,Empty,16.3,15.7,0.14,0.04,5.5,6.4,ðŸ•™ 10:00-18:00,
2024-09-11,"September 11, 2024",160,5%,Empty,12.7,12.4,0.48,0.1,5.1,5.2,ðŸ•™ 10:00-18:00,
2024-09-12,"September 12, 2024",160,8%,Empty,12.4,12.5,0.36,0.22,3.5,3.7,ðŸ•™ 10:00-18:00,
2024-09-13,"September 13, 2024",160,31%,Quiet,15.1,15.5,0.02,0.14,2.9,4.4,ðŸ•™ 10:00-18:00,
2024-09-14,"September 14, 2024",160,75%,Packed,15.9,15.7,0.0,0.0,1.7,2.3,ðŸ•™ 10:00-20:00,
2024-09-15,"September 15, 2024",160,70%,Busy,16.2,16.9,0.0,0.0,2.2,2.3,ðŸ•™ 10:00-20:00,
2024-09-16,"September 16, 2024",160,43%,Quiet,18.3,17.4,0.0,0.0,3.8,3.8,ðŸ•™ 10:00-18:00,
2024-09-17,"September 17, 2024",160,47%,Quiet,19.2,19.2,0.0,0.0,4.0,6.2,ðŸ•™ 10:00-18:00,
2024-09-18,"September 18, 2024",160,33%,Quiet,19.4,18.4,0.0,0.0,3.8,5.2,ðŸ•™ 10:00-18:00,
2024-09-19,"September 19, 2024",160,35%,Quiet,20.9,21.1,0.0,0.0,3.9,5.5,ðŸ•™ 10:00-18:00,
2024-09-20,"September 20, 2024",160,55%,Busy,20.1,20.9,0.0,0.0,3.6,5.6,ðŸ•™ 10:00-18:00,
2024-09-21,"September 21, 2024",160,95%,Packed,21.5,22.1,0.0,0.0,2.0,2.2,ðŸ•™ 10:00-20:00,
2024-09-22,"September 22, 2024",160,86%,Packed,21.3,21.0,0.0,0.0,2.2,1.9,ðŸ•™ 10:00-20:00,
2024-09-23,"September 23, 2024",160,40%,Quiet,18.0,19.2,0.38,0.08,3.7,4.6,ðŸ•™ 10:00-18:00,
2024-09-24,"September 24, 2024",160,33%,Quiet,16.4,17.2,0.12,0.12,3.6,4.1,ðŸ•™ 10:00-18:00,
2024-09-25,"September 25, 2024",160,4%,Empty,15.3,16.2,0.34,0.22,3.0,4.1,ðŸ•™ 10:00-18:00,
2024-09-26,"September 26, 2024",160,36%,Quiet,18.0,17.6,0.0,0.0,5.5,5.2,ðŸ•™ 10:00-18:00,
2024-09-27,"September 27, 2024",160,57%,Busy,13.5,13.4,0.22,0.81,6.2,6.9,ðŸ•™ 10:00-18:00,
2024-09-28,"September 28, 2024",160,58%,Busy,12.4,11.7,0.07,0.07,3.1,3.3,ðŸ•™ 10:00-20:00,
2024-09-29,"September 29, 2024",160,85%,Packed,13.2,12.6,0.0,0.0,2.6,3.2,ðŸ•™ 10:00-20:00,
2024-09-30,"September 30, 2024",160,30%,Quiet,12.1,13.0,0.73,0.63,4.2,4.8,ðŸ•™ 10:00-18:00,
2024-10-01,"October 01, 2024",160,0%,Empty,13.3,13.8,0.71,0.02,5.9,5.0,ðŸ•™ 10:00-18:00,
2024-10-02,"October 02, 2024",160,22%,Empty,13.4,11.7,0.01,0.0,2.6,4.1,ðŸ•™ 10:00-18:00,
2024-10-03,"October 03, 2024",160,75%,Packed,11.9,12.9,0.0,0.0,3.2,4.8,ðŸ•™ 10:00-18:00,
2024-10-04,"October 04, 2024",160,75%,Packed,12.4,13.2,0.0,0.0,1.9,2.4,ðŸ•™ 10:00-19:00,
2024-10-05,"October 05, 2024",160,86%,Packed,12.2,13.0,0.0,0.0,1.9,2.6,ðŸ•™ 10:00-20:00,
2024-10-06,"October 06, 2024",160,64%,Busy,12.9,13.2,0.0,0.0,3.3,4.5,ðŸ•™ 10:00-20:00,
2024-10-07,"October 07, 2024",160,75%,Packed,17.2,17.5,0.0,0.0,3.1,4.3,ðŸ•™ 10:00-18:00,
2024-10-08,"October 08, 2024",160,18%,Empty,16.4,17.3,0.0,0.0,3.7,5.3,ðŸ•™ 10:00-18:00,
2024-10-09,"October 09, 2024",160,10%,Empty,15.7,15.0,0.04,0.41,4.2,4.1,ðŸ•™ 10:00-18:00,
2024-10-10,"October 10, 2024",160,7%,Empty,13.3,13.2,0.0,0.0,4.1,4.2,ðŸ•™ 10:00-18:00,
2024-10-11,"October 11, 2024",160,20%,Empty,11.5,11.6,0.0,0.0,1.8,2.1,ðŸ•™ 10:00-18:00,
2024-10-12,"October 12, 2024",160,64%,Busy,10.6,10.8,0.0,0.0,2.4,3.1,ðŸ•™ 10:00-20:00,
2024-10-13,"October 13, 2024",160,63%,Busy,11.2,10.7,0.02,0.0,3.9,4.3,ðŸ•™ 10:00-20:00,
2024-10-14,"October 14, 2024",160,29%,Quiet,8.8,8.5,0.19,0.46,2.4,2.0,ðŸ•™ 10:00-18:00,
2024-10-15,"October 15, 2024",160,28%,Quiet,12.3,11.3,0.0,0.0,3.2,4.2,ðŸ•™ 10:00-18:00,
2024-10-16,"October 16, 2024",160,68%,Busy,19.2,18.7,0.0,0.0,3.6,4.1,ðŸ•™ 10:00-18:00,
2024-10-17,"October 17, 2024",160,21%,Empty,18.2,19.2,0.0,0.0,3.0,3.4,ðŸ•™ 10:00-18:00,
2024-10-18,"October 18, 2024",160,34%,Quiet,17.4,16.4,0.03,0.0,2.1,1.5,ðŸ•™ 10:00-18:00,
2024-10-19,"October 19, 2024",160,43%,Quiet,14.7,15.2,0.0,0.08,3.3,4.4,ðŸ•™ 10:00-20:00,
2024-10-20,"October 20, 2024",160,64%,Busy,15.1,16.5,0.01,0.01,4.9,6.8,ðŸ•™ 10:00-20:00,
2024-10-21,"October 21, 2024",160,16%,Empty,14.0,13.7,0.36,0.61,1.7,2.6,ðŸ•™ 10:00-20:00,
2024-10-22,"October 22, 2024",160,37%,Quiet,13.4,13.4,0.0,0.0,2.7,3.3,ðŸ•™ 10:00-20:00,
2024-10-23,"October 23, 2024",160,60%,Busy,13.6,14.0,0.0,0.0,1.7,1.9,ðŸ•™ 10:00-20:00,
2024-10-24,"October 24, 2024",160,58%,Busy,13.1,12.7,0.0,0.0,2.6,3.1,ðŸ•™ 10:00-20:00,
2024-10-25,"October 25, 2024",160,36%,Quiet,16.7,16.6,0.0,0.0,2.4,2.8,ðŸ•™ 10:00-20:00,
2024-10-26,"October 26, 2024",160,72%,Busy,17.1,17.3,0.0,0.0,1.9,1.9,ðŸ•™ 10:00-20:00,
2024-10-27,"October 27, 2024",160,72%,Busy,14.6,13.7,0.0,0.0,1.5,2.1,ðŸ•™ 10:00-20:00,
2024-10-28,"October 28, 2024",160,74%,Busy,13.7,13.6,0.02,0.0,3.2,3.7,ðŸ•™ 10:00-20:00,
2024-10-29,"October 29, 2024",160,35%,Quiet,14.2,13.0,0.01,0.15,4.3,3.3,ðŸ•™ 10:00-20:00,
2024-10-30,"October 30, 2024",160,67%,Busy,14.2,13.7,0.05,0.01,2.0,0.9,ðŸ•™ 10:00-20:00,
2024-10-31,"October 31, 2024",160,72%,Busy,13.5,13.2,0.0,0.0,1.5,1.2,ðŸ•™ 10:00-20:00,
2024-11-01,"November 01, 2024",160,83%,Packed,12.4,10.5,0.0,0.0,2.4,2.7,ðŸ•™ 10:00-20:00,
2024-11-02,"November 02, 2024",160,69%,Busy,11.9,11.5,0.0,0.0,2.7,3.1,ðŸ•™ 10:00-20:00,
2024-11-03,"November 03, 2024",160,60%,Busy,9.5,6.4,0.0,0.0,1.8,1.2,ðŸ•™ 10:00-20:00,
2024-11-04,"November 04, 2024",160,83%,Packed,10.6,10.4,0.0,0.0,2.2,2.2,ðŸ•š 11:00-18:00,
2024-11-05,"November 05, 2024",160,37%,Quiet,9.3,7.4,0.0,0.0,0.8,1.9,ðŸ•š 11:00-18:00,
2024-11-06,"November 06, 2024",160,30%,Quiet,11.1,9.3,0.0,0.0,0.9,1.3,ðŸ•š 11:00-18:00,
2024-11-07,"November 07, 2024",160,32%,Quiet,7.9,5.5,0.0,0.0,2.5,3.4,ðŸ•š 11:00-18:00,
2024-11-08,"November 08, 2024",160,40%,Quiet,7.1,6.0,0.0,0.0,2.5,3.3,ðŸ•š 11:00-18:00,
2024-11-09,"November 09, 2024",160,78%,Packed,8.3,7.7,0.0,0.0,1.0,1.9,ðŸ•™ 10:00-20:00,
2024-11-10,"November 10, 2024",160,93%,Packed,10.3,10.3,0.01,0.0,1.9,1.5,ðŸ•™ 10:00-20:00,
2024-11-11,"November 11, 2024",160,47%,Quiet,10.7,10.9,0.03,0.04,4.3,4.3,ðŸŽ„ 10:00-19:00,ðŸŽ„ Winter Efteling
2024-11-12,"November 12, 2024",160,40%,Quiet,9.3,9.0,0.0,0.0,3.4,4.4,ðŸŽ„ 11:00-18:00,ðŸŽ„ Winter Efteling
2024-11-13,"November 13, 2024",160,27%,Quiet,8.2,9.7,0.0,0.04,1.3,1.8,ðŸŽ„ 11:00-18:00,ðŸŽ„ Winter Efteling
2024-11-14,"November 14, 2024",160,32%,Quiet,11.0,10.7,0.01,0.0,2.3,3.0,ðŸŽ„ 11:00-18:00,ðŸŽ„ Winter Efteling
2024-11-15,"November 15, 2024",160,47%,Quiet,10.1,9.6,0.0,0.0,1.6,2.3,ðŸŽ„ 11:00-18:00,ðŸŽ„ Winter Efteling
2024-11-16,"November 16, 2024",160,66%,Busy,8.3,8.2,0.0,0.0,3.6,4.6,ðŸŽ„ 10:00-19:00,ðŸŽ„ Winter Efteling
2024-11-17,"November 17, 2024",160,67%,Busy,8.2,8.2,0.0,0.03,4.8,5.4,ðŸŽ„ 10:00-19:00,ðŸŽ„ Winter Efteling
2024-11-18,"November 18, 2024",160,33%,Quiet,7.1,6.5,0.03,0.0,2.8,2.2,ðŸŽ„ 11:00-18:00,ðŸŽ„ Winter Efteling
2024-11-19,"November 19, 2024",160,15%,Empty,4.4,3.9,0.08,0.4,3.1,3.6,ðŸŽ„ 11:00-18:00,ðŸŽ„ Winter Efteling
2024-11-20,"November 20, 2024",160,12%,Empty,4.6,2.8,0.1,0.0,5.6,4.5,ðŸŽ„ 11:00-18:00,ðŸŽ„ Winter Efteling
2024-11-21,"November 21, 2024",160,11%,Empty,2.5,1.8,0.0,0.0,2.4,2.4,ðŸŽ„ 11:00-18:00,ðŸŽ„ Winter Efteling
2024-11-22,"November 22, 2024",160,9%,Empty,4.4,4.1,0.06,0.18,5.6,6.6,ðŸŽ„ 11:00-18:00,ðŸŽ„ Winter Efteling
2024-11-23,"November 23, 2024",160,44%,Quiet,4.2,5.0,0.08,0.22,4.8,7.6,ðŸŽ„ 10:00-19:00,ðŸŽ„ Winter Efteling
2024-11-24,"November 24, 2024",160,86%,Packed,14.4,16.0,0.0,0.01,6.6,8.4,ðŸŽ„ 10:00-19:00,ðŸŽ„ Winter Efteling
2024-11-25,"November 25, 2024",160,19%,Empty,11.6,9.6,0.76,0.66,4.2,3.7,ðŸŽ„ 11:00-18:00,ðŸŽ„ Winter Efteling
2024-11-26,"November 26, 2024",160,14%,Empty,8.0,9.1,0.13,0.2,4.3,4.4,ðŸŽ„ 11:00-18:00,ðŸŽ„ Winter Efteling
2024-11-27,"November 27, 2024",160,6%,Empty,10.2,10.3,1.04,0.19,6.0,8.5,ðŸŽ„ 11:00-18:00,ðŸŽ„ Winter Efteling
2024-11-28,"November 28, 2024",160,19%,Empty,8.0,8.3,0.0,0.0,2.5,3.0,ðŸŽ„ 11:00-18:00,ðŸŽ„ Winter Efteling
2024-11-29,"November 29, 2024",160,29%,Quiet,3.9,5.6,0.0,0.0,2.3,2.8,ðŸŽ„ 11:00-18:00,ðŸŽ„ Winter Efteling
2024-11-30,"November 30, 2024",160,93%,Packed,4.6,5.3,0.0,0.0,2.0,2.8,ðŸŽ„ 10:00-19:00,ðŸŽ„ Winter Efteling
2024-12-01,"December 01, 2024",160,89%,Packed,6.6,6.4,0.0,0.01,3.1,4.1,ðŸŽ„ 10:00-19:00,ðŸŽ„ Winter Efteling
2024-12-02,"December 02, 2024",160,19%,Empty,10.1,10.5,0.06,0.13,3.6,4.2,ðŸŽ„ 11:00-18:00,ðŸŽ„ Winter Efteling
2024-12-03,"December 03, 2024",160,9%,Empty,6.7,6.3,0.01,0.0,2.2,2.4,ðŸŽ„ 11:00-18:00,ðŸŽ„ Winter Efteling
2024-12-04,"December 04, 2024",160,15%,Empty,4.9,5.2,0.03,0.03,2.8,2.4,ðŸŽ„ 11:00-18:00,ðŸŽ„ Winter Efteling
2024-12-05,"December 05, 2024",160,2%,Empty,6.1,6.4,0.38,0.55,5.7,7.6,ðŸŽ„ 11:00-18:00,ðŸŽ„ Winter Efteling
2024-12-06,"December 06, 2024",160,55%,Busy,8.2,8.3,0.02,0.0,5.1,7.9,ðŸŽ„ 10:00-18:00,ðŸŽ„ Winter Efteling
2024-12-07,"December 07, 2024",160,77%,Packed,7.7,8.5,0.3,0.3,7.5,7.5,ðŸŽ„ 10:00-19:00,ðŸŽ„ Winter Efteling
2024-12-08,"December 08, 2024",160,79%,Packed,6.4,6.5,0.0,0.01,4.6,5.1,ðŸŽ„ 10:00-19:00,ðŸŽ„ Winter Efteling
2024-12-09,"December 09, 2024",160,29%,Quiet,5.4,6.1,0.08,0.04,5.7,7.2,ðŸŽ„ 11:00-18:00,ðŸŽ„ Winter Efteling
2024-12-10,"December 10, 2024",160,14%,Empty,4.9,5.0,0.01,0.0,4.5,6.7,ðŸŽ„ 11:00-18:00,ðŸŽ„ Winter Efteling
2024-12-11,"December 11, 2024",160,25%,Quiet,4.2,3.6,0.03,0.0,2.5,3.5,ðŸŽ„ 11:00-18:00,ðŸŽ„ Winter Efteling
2024-12-12,"December 12, 2024",160,13%,Empty,4.4,3.2,0.0,0.0,0.8,1.1,ðŸŽ„ 11:00-18:00,ðŸŽ„ Winter Efteling
2024-12-13,"December 13, 2024",160,23%,Empty,1.7,0.9,0.0,0.0,1.6,2.5,ðŸŽ„ 10:00-18:00,ðŸŽ„ Winter Efteling
2024-12-14,"December 14, 2024",160,69%,Busy,4.2,4.2,0.1,0.09,4.1,4.0,ðŸŽ„ 10:00-19:00,ðŸŽ„ Winter Efteling
2024-12-15,"December 15, 2024",160,61%,Busy,7.2,7.9,0.0,0.0,4.2,4.9,ðŸŽ„ 10:00-19:00,ðŸŽ„ Winter Efteling
2024-12-16,"December 16, 2024",160,26%,Quiet,10.6,10.2,0.0,0.01,5.1,5.7,ðŸŽ„ 10:00-18:00,ðŸŽ„ Winter Efteling
2024-12-17,"December 17, 2024",160,20%,Empty,8.3,9.0,0.0,0.0,3.4,3.8,ðŸŽ„ 10:00-18:00,ðŸŽ„ Winter Efteling
2024-12-18,"December 18, 2024",160,26%,Quiet,10.5,12.4,0.0,0.0,6.4,7.6,ðŸŽ„ 10:00-18:00,ðŸŽ„ Winter Efteling
2024-12-19,"December 19, 2024",160,16%,Empty,6.5,6.0,0.48,0.28,5.2,6.1,ðŸŽ„ 10:00-18:00,ðŸŽ„ Winter Efteling
2024-12-20,"December 20, 2024",160,35%,Quiet,5.3,5.3,0.0,0.0,4.1,3.9,ðŸŽ„ 10:00-18:00,ðŸŽ„ Winter Efteling
2024-12-21,"December 21, 2024",160,25%,Quiet,7.7,8.3,0.16,0.29,5.9,6.3,ðŸŽ„ 10:00-20:00,ðŸŽ„ Winter Efteling
2024-12-22,"December 22, 2024",160,30%,Quiet,4.5,4.9,0.13,0.18,4.9,6.3,ðŸŽ„ 10:00-20:00,ðŸŽ„ Winter Efteling
2024-12-23,"December 23, 2024",160,56%,Busy,6.7,5.7,0.01,0.0,4.1,3.8,ðŸŽ„ 10:00-20:00,ðŸŽ„ Winter Efteling
2024-12-24,"December 24, 2024",160,26%,Quiet,5.6,5.8,0.14,0.15,3.0,3.9,ðŸŽ„ 10:00-20:00,ðŸŽ„ Winter Efteling
2024-12-25,"December 25, 2024",160,74%,Busy,10.1,8.9,0.0,0.0,1.5,2.4,ðŸŽ„ 10:00-20:00,ðŸŽ„ Winter Efteling
2024-12-26,"December 26, 2024",160,71%,Busy,8.6,6.1,0.0,0.0,1.3,1.8,ðŸŽ„ 10:00-20:00,ðŸŽ„ Winter Efteling
2024-12-27,"December 27, 2024",160,87%,Packed,3.4,1.9,0.0,0.0,0.7,1.2,ðŸŽ„ 10:00-20:00,ðŸŽ„ Winter Efteling
2024-12-28,"December 28, 2024",160,80%,Packed,-0.1,0.1,0.0,0.0,1.4,1.7,ðŸŽ„ 10:00-20:00,ðŸŽ„ Winter Efteling
2024-12-29,"December 29, 2024",160,83%,Packed,3.5,3.1,0.0,0.0,3.2,3.7,ðŸŽ„ 10:00-20:00,ðŸŽ„ Winter Efteling
2024-12-30,"December 30, 2024",160,99%,Packed,5.8,6.1,0.0,0.0,4.1,4.8,ðŸŽ„ 10:00-20:00,ðŸŽ„ Winter Efteling
2024-12-31,"December 31, 2024",160,20%,Empty,3.4,3.1,0.0,0.01,5.5,6.8,ðŸŽ„ 10:00-18:00,ðŸŽ„ Winter Efteling
2025-01-01,"January 01, 2025",160,37%,Quiet,6.8,8.3,0.65,0.22,7.8,9.5,ðŸŽ„ 10:00-20:00,ðŸŽ„ Winter Efteling
2025-01-02,"January 02, 2025",160,56%,Busy,4.4,3.2,0.01,0.06,2.3,2.2,ðŸŽ„ 10:00-20:00,ðŸŽ„ Winter Efteling
2025-01-03,"January 03, 2025",160,69%,Busy,3.1,2.8,0.09,0.12,3.8,4.1,ðŸŽ„ 10:00-20:00,ðŸŽ„ Winter Efteling
2025-01-04,"January 04, 2025",160,64%,Busy,1.7,1.5,0.0,0.0,2.5,2.8,ðŸŽ„ 10:00-20:00,ðŸŽ„ Winter Efteling
2025-01-05,"January 05, 2025",160,12%,Empty,7.3,7.8,1.18,1.29,5.0,5.6,ðŸŽ„ 10:00-20:00,ðŸŽ„ Winter Efteling
2025-01-06,"January 06, 2025",160,32%,Quiet,8.9,9.2,0.24,0.2,8.5,10.7,ðŸŽ„ 11:00-18:00,ðŸŽ„ Winter Efteling
2025-01-07,"January 07, 2025",160,4%,Empty,4.2,3.7,0.19,0.13,6.3,5.5,ðŸŽ„ 11:00-18:00,ðŸŽ„ Winter Efteling
2025-01-08,"January 08, 2025",160,6%,Empty,2.8,3.0,0.0,0.0,2.4,2.1,ðŸŽ„ 11:00-18:00,ðŸŽ„ Winter Efteling
2025-01-09,"January 09, 2025",160,7%,Empty,4.0,2.0,0.01,0.05,3.0,3.1,ðŸŽ„ 11:00-18:00,ðŸŽ„ Winter Efteling
2025-01-10,"January 10, 2025",160,13%,Empty,1.6,3.2,0.0,0.0,2.8,3.1,ðŸŽ„ 11:00-18:00,ðŸŽ„ Winter Efteling
2025-01-11,"January 11, 2025",160,62%,Busy,0.8,-0.6,0.01,0.01,1.9,2.2,ðŸŽ„ 10:00-19:00,ðŸŽ„ Winter Efteling
2025-01-12,"January 12, 2025",160,57%,Busy,2.3,3.2,0.0,0.0,1.0,1.6,ðŸŽ„ 10:00-19:00,ðŸŽ„ Winter Efteling
2025-01-13,"January 13, 2025",160,18%,Empty,0.5,2.9,0.0,0.0,1.5,2.3,ðŸŽ„ 11:00-18:00,ðŸŽ„ Winter Efteling
2025-01-14,"January 14, 2025",160,2%,Empty,2.7,2.7,0.0,0.0,2.9,3.4,ðŸŽ„ 11:00-18:00,ðŸŽ„ Winter Efteling
2025-01-15,"January 15, 2025",160,10%,Empty,6.7,6.4,0.0,0.0,0.7,1.2,ðŸŽ„ 11:00-18:00,ðŸŽ„ Winter Efteling
2025-01-16,"January 16, 2025",160,9%,Empty,4.9,2.0,0.0,0.0,1.8,2.8,ðŸŽ„ 11:00-18:00,ðŸŽ„ Winter Efteling
2025-01-17,"January 17, 2025",160,4%,Empty,1.1,0.6,0.0,0.0,0.6,1.2,ðŸŽ„ 11:00-18:00,ðŸŽ„ Winter Efteling
2025-01-18,"January 18, 2025",160,44%,Quiet,0.3,-0.2,0.0,0.0,1.9,2.6,ðŸŽ„ 10:00-19:00,ðŸŽ„ Winter Efteling
2025-01-19,"January 19, 2025",160,77%,Packed,0.3,-1.0,0.0,0.0,0.7,0.9,ðŸŽ„ 10:00-19:00,ðŸŽ„ Winter Efteling
2025-01-20,"January 20, 2025",160,14%,Empty,0.5,-0.3,0.0,0.01,2.0,2.2,ðŸŽ„ 11:00-18:00,ðŸŽ„ Winter Efteling
2025-01-21,"January 21, 2025",160,7%,Empty,1.0,-0.8,0.0,0.0,1.5,2.1,ðŸŽ„ 11:00-18:00,ðŸŽ„ Winter Efteling
2025-01-22,"January 22, 2025",160,21%,Empty,3.1,3.7,0.3,0.29,2.2,2.3,ðŸŽ„ 11:00-18:00,ðŸŽ„ Winter Efteling
2025-01-23,"January 23, 2025",160,5%,Empty,5.4,5.7,0.11,0.0,5.1,6.0,ðŸŽ„ 11:00-18:00,ðŸŽ„ Winter Efteling
2025-01-24,"January 24, 2025",160,8%,Empty,7.4,8.2,0.66,0.61,5.8,7.4,ðŸŽ„ 11:00-18:00,ðŸŽ„ Winter Efteling
2025-01-25,"January 25, 2025",160,79%,Packed,5.9,5.9,0.26,0.04,1.6,2.2,ðŸŽ„ 10:00-19:00,ðŸŽ„ Winter Efteling
2025-01-26,"January 26, 2025",160,88%,Packed,4.4,3.3,0.09,0.04,4.7,5.3,ðŸŽ„ 10:00-19:00,ðŸŽ„ Winter Efteling
2025-01-27,"January 27, 2025",160,22%,Empty,9.4,10.5,0.01,0.05,5.7,7.4,ðŸŽ„ 11:00-18:00,ðŸŽ„ Winter Efteling
2025-01-28,"January 28, 2025",160,16%,Empty,8.4,8.8,0.06,0.13,5.5,7.7,ðŸŽ„ 11:00-18:00,ðŸŽ„ Winter Efteling
2025-01-29,"January 29, 2025",160,20%,Empty,8.0,8.1,0.01,0.0,4.6,4.2,ðŸŽ„ 11:00-18:00,ðŸŽ„ Winter Efteling
2025-01-30,"January 30, 2025",160,24%,Empty,6.1,5.6,0.28,0.26,2.8,2.5,ðŸŽ„ 11:00-18:00,ðŸŽ„ Winter Efteling
2025-01-31,"January 31, 2025",160,44%,Quiet,5.1,5.2,0.0,0.0,2.3,2.9,ðŸŽ„ 11:00-18:00,ðŸŽ„ Winter Efteling
2025-02-01,"February 01, 2025",160,58%,Busy,3.0,3.5,0.0,0.0,1.8,2.5,ðŸŽ„ 10:00-19:00,ðŸŽ„ Winter Efteling
2025-02-02,"February 02, 2025",160,62%,Busy,0.8,2.3,0.0,0.0,1.0,1.3,ðŸŽ„ 10:00-19:00,ðŸŽ„ Winter Efteling
2025-02-03,"February 03, 2025",160,46%,Quiet,1.8,4.3,0.0,0.0,2.0,2.6,ðŸ•š 11:00-18:00,
2025-02-04,"February 04, 2025",160,9%,Empty,5.5,3.8,0.0,0.0,3.0,3.9,ðŸ•š 11:00-18:00,
2025-02-05,"February 05, 2025",160,9%,Empty,7.3,5.5,0.0,0.0,2.1,2.5,ðŸ•š 11:00-18:00,
2025-02-06,"February 06, 2025",160,9%,Empty,5.8,5.4,0.0,0.0,3.1,3.6,ðŸ•š 11:00-18:00,
2025-02-07,"February 07, 2025",160,11%,Empty,3.6,4.1,0.0,0.01,5.9,8.7,ðŸ•š 11:00-18:00,
2025-02-08,"February 08, 2025",160,74%,Busy,6.9,6.9,0.0,0.04,2.5,3.3,ðŸ•™ 10:00-19:00,
2025-02-09,"February 09, 2025",160,79%,Packed,4.4,3.5,0.0,0.0,1.4,1.9,ðŸ•™ 10:00-19:00,
2025-02-10,"February 10, 2025",160,19%,Empty,2.2,2.3,0.09,0.21,4.9,6.5,ðŸ•š 11:00-18:00,
2025-02-11,"February 11, 2025",160,7%,Empty,5.1,3.3,0.08,0.51,3.7,4.3,ðŸ•š 11:00-18:00,
2025-02-12,"February 12, 2025",160,10%,Empty,5.2,4.4,0.03,0.05,1.2,1.3,ðŸ•š 11:00-18:00,
2025-02-13,"February 13, 2025",160,0%,Empty,1.4,0.2,0.0,0.0,3.4,3.8,ðŸ•š 11:00-18:00,
2025-02-14,"February 14, 2025",160,11%,Empty,1.2,2.0,0.0,0.0,1.8,2.4,ðŸ•š 11:00-18:00,
2025-02-15,"February 15, 2025",160,22%,Empty,2.1,2.4,0.0,0.0,1.7,2.4,ðŸ•™ 10:00-18:00,
2025-02-16,"February 16, 2025",160,19%,Empty,1.8,2.6,0.0,0.0,3.9,6.1,ðŸ•™ 10:00-18:00,
2025-02-17,"February 17, 2025",160,20%,Empty,1.2,1.3,0.0,0.0,2.9,3.3,ðŸ•™ 10:00-18:00,
2025-02-18,"February 18, 2025",160,11%,Empty,1.2,1.6,0.0,0.0,4.1,5.4,ðŸ•™ 10:00-18:00,
2025-02-19,"February 19, 2025",160,20%,Empty,2.3,3.2,0.0,0.0,3.6,4.6,ðŸ•™ 10:00-18:00,
2025-02-20,"February 20, 2025",160,14%,Empty,9.6,10.2,0.17,0.13,4.5,5.0,ðŸ•™ 10:00-18:00,
2025-02-21,"February 21, 2025",160,52%,Busy,15.4,16.0,0.0,0.01,4.2,5.9,ðŸ•™ 10:00-18:00,
2025-02-22,"February 22, 2025",160,9%,Empty,11.5,10.5,0.16,0.27,4.4,4.5,ðŸ•™ 10:00-18:00,
2025-02-23,"February 23, 2025",160,51%,Busy,12.0,12.1,0.0,0.0,4.2,5.4,ðŸ•™ 10:00-18:00,
2025-02-24,"February 24, 2025",160,13%,Empty,10.0,11.3,0.58,0.47,4.7,6.4,ðŸ•™ 10:00-18:00,
2025-02-25,"February 25, 2025",160,15%,Empty,10.4,10.7,0.09,0.03,2.4,2.4,ðŸ•™ 10:00-18:00,
2025-02-26,"February 26, 2025",160,23%,Empty,8.8,8.7,0.0,0.0,3.7,4.7,ðŸ•™ 10:00-18:00,
2025-02-27,"February 27, 2025",160,10%,Empty,6.8,6.4,0.07,0.12,4.2,4.2,ðŸ•™ 10:00-18:00,
2025-02-28,"February 28, 2025",160,42%,Quiet,7.3,6.8,0.0,0.03,3.4,4.8,ðŸ•™ 10:00-18:00,
2025-03-01,"March 01, 2025",160,18%,Empty,6.7,5.3,0.0,0.0,2.2,3.7,ðŸ•™ 10:00-18:00,
2025-03-02,"March 02, 2025",160,39%,Quiet,5.4,6.6,0.0,0.0,1.2,2.1,ðŸ•™ 10:00-18:00,
2025-03-03,"March 03, 2025",160,79%,Packed,7.7,8.4,0.0,0.0,1.1,1.6,ðŸ•™ 10:00-18:00,
2025-03-04,"March 04, 2025",160,52%,Busy,8.8,9.8,0.0,0.0,1.2,1.1,ðŸ•™ 10:00-18:00,
2025-03-05,"March 05, 2025",160,62%,Busy,12.6,13.2,0.0,0.0,2.4,3.5,ðŸ•™ 10:00-18:00,
2025-03-06,"March 06, 2025",160,69%,Busy,14.7,15.0,0.0,0.0,3.5,4.0,ðŸ•™ 10:00-18:00,
2025-03-07,"March 07, 2025",160,75%,Packed,15.7,15.4,0.0,0.0,2.9,3.9,ðŸ•™ 10:00-18:00,
2025-03-08,"March 08, 2025",160,56%,Busy,16.4,16.5,0.0,0.0,2.9,3.7,ðŸ•™ 10:00-19:00,
2025-03-09,"March 09, 2025",160,34%,Quiet,15.9,15.9,0.0,0.0,2.5,3.3,ðŸ•™ 10:00-19:00,
2025-03-10,"March 10, 2025",160,45%,Quiet,14.8,15.0,0.0,0.0,2.4,3.1,ðŸ•™ 10:00-18:00,
2025-03-11,"March 11, 2025",160,0%,Empty,8.3,7.3,0.0,0.01,3.5,4.3,ðŸ•™ 10:00-18:00,
2025-03-12,"March 12, 2025",160,8%,Empty,7.1,6.9,0.1,0.09,2.7,3.8,ðŸ•™ 10:00-18:00,
2025-03-13,"March 13, 2025",160,8%,Empty,6.5,6.3,0.08,0.16,2.5,2.9,ðŸ•™ 10:00-18:00,
2025-03-14,"March 14, 2025",160,4%,Empty,6.2,5.2,0.0,0.0,3.2,3.4,ðŸ•™ 10:00-18:00,
2025-03-15,"March 15, 2025",160,68%,Busy,5.9,6.0,0.0,0.0,4.4,6.2,ðŸ•™ 10:00-19:00,
2025-03-16,"March 16, 2025",160,84%,Packed,7.3,7.9,0.0,0.0,3.7,5.0,ðŸ•™ 10:00-19:00,
2025-03-17,"March 17, 2025",160,19%,Empty,7.6,8.9,0.0,0.0,4.7,5.9,ðŸ•™ 10:00-18:00,
2025-03-18,"March 18, 2025",160,14%,Empty,8.2,9.6,0.0,0.0,4.8,6.8,ðŸ•™ 10:00-18:00,
2025-03-19,"March 19, 2025",160,36%,Quiet,14.0,15.0,0.0,0.0,2.3,3.0,ðŸ•™ 10:00-18:00,
2025-03-20,"March 20, 2025",160,21%,Empty,16.4,17.3,0.0,0.0,1.5,1.9,ðŸ•™ 10:00-18:00,
2025-03-21,"March 21, 2025",160,44%,Quiet,19.4,19.7,0.0,0.0,4.1,6.4,ðŸ•™ 10:00-18:00,
2025-03-22,"March 22, 2025",160,61%,Busy,16.9,16.9,0.0,0.02,3.5,3.7,ðŸ•™ 10:00-19:00,
2025-03-23,"March 23, 2025",160,61%,Busy,16.5,15.6,0.02,0.0,2.3,3.2,ðŸ•™ 10:00-19:00,
2025-03-24,"March 24, 2025",160,36%,Quiet,14.5,14.3,0.0,0.0,2.8,4.3,ðŸ•™ 10:00-18:00,
2025-03-25,"March 25, 2025",160,23%,Empty,12.3,11.3,0.0,0.0,3.6,4.4,ðŸ•™ 10:00-18:00,
2025-03-26,"March 26, 2025",160,38%,Quiet,11.4,10.2,0.0,0.0,2.4,3.7,ðŸ•™ 10:00-18:00,
2025-03-27,"March 27, 2025",160,31%,Quiet,13.0,13.6,0.0,0.0,0.7,1.9,ðŸ•™ 10:00-18:00,
2025-03-28,"March 28, 2025",160,30%,Quiet,12.6,9.8,0.0,0.0,3.5,3.5,ðŸ•™ 10:00-18:00,
2025-03-29,"March 29, 2025",160,85%,Packed,11.0,10.7,0.0,0.0,3.4,3.9,ðŸ•™ 10:00-19:00,
2025-03-30,"March 30, 2025",160,71%,Busy,11.2,11.8,0.0,0.01,6.4,7.7,ðŸ•™ 10:00-19:00,
2025-03-31,"March 31, 2025",160,95%,Packed,11.0,11.3,0.0,0.0,3.6,4.4,ðŸ•™ 10:00-18:00,
2025-04-01,"April 01, 2025",160,36%,Quiet,11.8,11.6,0.0,0.0,4.8,6.4,ðŸ•™ 10:00-18:00,
2025-04-02,"April 02, 2025",160,60%,Busy,14.3,15.0,0.0,0.0,5.5,7.6,ðŸ•™ 10:00-18:00,
2025-04-03,"April 03, 2025",160,61%,Busy,17.7,17.8,0.0,0.0,5.0,5.8,ðŸ•™ 10:00-18:00,
2025-04-04,"April 04, 2025",160,61%,Busy,19.4,19.8,0.0,0.0,3.8,4.2,ðŸ•™ 10:00-18:00,
2025-04-05,"April 05, 2025",160,47%,Quiet,14.9,15.1,0.0,0.0,5.0,6.1,ðŸ•™ 10:00-19:00,
2025-04-06,"April 06, 2025",160,55%,Busy,10.8,11.3,0.0,0.0,4.8,6.7,ðŸ•™ 10:00-19:00,
2025-04-07,"April 07, 2025",160,43%,Quiet,11.4,11.8,0.0,0.0,3.1,3.9,ðŸ•™ 10:00-19:00,
2025-04-08,"April 08, 2025",160,64%,Busy,13.8,14.0,0.0,0.0,2.0,2.6,ðŸ•™ 10:00-19:00,
2025-04-09,"April 09, 2025",160,58%,Busy,12.3,11.2,0.0,0.0,3.5,4.8,ðŸ•™ 10:00-19:00,
2025-04-10,"April 10, 2025",160,70%,Busy,12.2,11.6,0.0,0.0,3.0,3.5,ðŸ•™ 10:00-19:00,
2025-04-11,"April 11, 2025",160,57%,Busy,15.5,15.4,0.0,0.0,2.8,3.6,ðŸ•™ 10:00-19:00,
2025-04-12,"April 12, 2025",160,63%,Busy,20.6,20.9,0.0,0.0,3.8,5.5,ðŸ•™ 10:00-19:00,
2025-04-13,"April 13, 2025",160,35%,Quiet,16.3,15.3,0.02,0.05,4.7,4.6,ðŸ•™ 10:00-19:00,
2025-04-14,"April 14, 2025",160,85%,Packed,15.7,15.8,0.0,0.0,2.4,2.8,ðŸ•™ 10:00-19:00,
2025-04-15,"April 15, 2025",160,70%,Busy,17.6,17.7,0.14,0.51,3.5,4.0,ðŸ•™ 10:00-19:00,
2025-04-16,"April 16, 2025",160,67%,Busy,12.3,11.6,0.0,0.03,3.2,2.5,ðŸ•™ 10:00-19:00,
2025-04-17,"April 17, 2025",160,86%,Packed,12.0,10.8,0.01,0.27,1.4,2.1,ðŸ•™ 10:00-19:00,
2025-04-18,"April 18, 2025",160,59%,Busy,13.5,13.2,0.0,0.0,1.4,2.2,ðŸ•™ 10:00-19:00,
2025-04-19,"April 19, 2025",160,49%,Quiet,13.9,14.7,0.0,0.0,3.3,4.2,ðŸ•™ 10:00-20:00,
2025-04-20,"April 20, 2025",160,22%,Empty,15.4,15.3,0.13,0.07,1.7,3.2,ðŸ•™ 10:00-20:00,
2025-04-21,"April 21, 2025",160,6%,Empty,14.9,14.5,0.0,0.0,2.3,2.6,ðŸ•™ 10:00-20:00,
2025-04-22,"April 22, 2025",160,33%,Quiet,15.2,15.0,0.0,0.0,3.1,3.4,ðŸ•™ 10:00-20:00,
2025-04-23,"April 23, 2025",160,53%,Busy,12.9,12.8,0.34,0.3,2.1,3.0,ðŸ•™ 10:00-19:00,
2025-04-24,"April 24, 2025",160,24%,Empty,11.6,12.2,1.39,0.82,3.4,4.2,ðŸ•™ 10:00-19:00,
2025-04-25,"April 25, 2025",160,79%,Packed,14.3,12.5,0.0,0.0,2.6,3.5,ðŸ•™ 10:00-19:00,
2025-04-26,"April 26, 2025",160,65%,Busy,15.5,15.6,0.0,0.0,2.9,3.7,ðŸ•™ 10:00-19:00,
2025-04-27,"April 27, 2025",160,32%,Quiet,17.6,18.8,0.0,0.0,2.2,3.2,ðŸ•™ 10:00-19:00,
2025-04-28,"April 28, 2025",160,57%,Busy,19.3,19.4,0.0,0.0,1.8,2.7,ðŸ•™ 10:00-19:00,
2025-04-29,"April 29, 2025",160,61%,Busy,21.0,21.2,0.0,0.0,2.7,3.5,ðŸ•™ 10:00-19:00,
2025-04-30,"April 30, 2025",160,71%,Busy,22.9,22.9,0.0,0.0,2.0,2.5,ðŸ•™ 10:00-19:00,
2025-05-01,"May 01, 2025",160,76%,Packed,25.8,26.1,0.0,0.0,2.1,2.8,ðŸ•™ 10:00-19:00,
2025-05-02,"May 02, 2025",160,75%,Packed,23.9,24.2,0.0,0.0,3.5,3.9,ðŸ•™ 10:00-19:00,
2025-05-03,"May 03, 2025",160,60%,Busy,18.0,17.3,0.0,0.0,3.0,4.0,ðŸ•™ 10:00-19:00,
2025-05-04,"May 04, 2025",160,43%,Quiet,13.1,12.3,0.0,0.0,4.6,5.2,ðŸ•™ 10:00-19:00,
2025-05-05,"May 05, 2025",160,57%,Busy,13.3,12.6,0.0,0.0,4.6,5.2,ðŸ•™ 10:00-19:00,
2025-05-06,"May 06, 2025",160,42%,Quiet,13.0,13.1,0.03,0.02,4.1,5.6,ðŸ•™ 10:00-19:00,
2025-05-07,"May 07, 2025",160,15%,Empty,15.4,13.6,0.0,0.0,3.9,3.7,ðŸ•™ 10:00-19:00,
2025-05-08,"May 08, 2025",160,27%,Quiet,16.4,16.7,0.0,0.0,4.1,4.6,ðŸ•™ 10:00-19:00,
2025-05-09,"May 09, 2025",160,17%,Empty,17.6,18.6,0.0,0.0,3.9,5.5,ðŸ•™ 10:00-19:00,
2025-05-10,"May 10, 2025",160,40%,Quiet,20.4,21.0,0.0,0.0,3.7,5.0,ðŸ•™ 10:00-19:00,
2025-05-11,"May 11, 2025",160,34%,Quiet,23.1,23.7,0.0,0.0,4.1,5.1,ðŸ•™ 10:00-19:00,
2025-05-12,"May 12, 2025",160,25%,Quiet,23.4,23.4,0.0,0.0,3.8,4.6,ðŸ•™ 10:00-18:00,
2025-05-13,"May 13, 2025",160,27%,Quiet,21.2,21.4,0.0,0.0,3.5,4.6,ðŸ•™ 10:00-18:00,
2025-05-14,"May 14, 2025",160,15%,Empty,20.8,20.5,0.0,0.0,3.6,4.4,ðŸ•™ 10:00-18:00,
2025-05-15,"May 15, 2025",160,37%,Quiet,18.2,18.0,0.0,0.0,4.1,4.8,ðŸ•™ 10:00-18:00,
2025-05-16,"May 16, 2025",160,35%,Quiet,16.7,16.4,0.0,0.0,4.4,4.7,ðŸ•™ 10:00-18:00,
2025-05-17,"May 17, 2025",160,54%,Busy,18.2,17.5,0.0,0.0,3.9,5.0,ðŸ•™ 10:00-19:00,
2025-05-18,"May 18, 2025",160,45%,Quiet,17.1,16.0,0.01,0.0,2.1,2.6,ðŸ•™ 10:00-19:00,
2025-05-19,"May 19, 2025",160,28%,Quiet,19.2,19.8,0.0,0.0,2.5,3.2,ðŸ•™ 10:00-18:00,
2025-05-20,"May 20, 2025",160,29%,Quiet,21.0,21.3,0.0,0.0,2.9,3.9,ðŸ•™ 10:00-18:00,
2025-05-21,"May 21, 2025",160,27%,Quiet,18.1,18.0,0.01,0.03,3.9,4.6,ðŸ•™ 10:00-18:00,
2025-05-22,"May 22, 2025",160,33%,Quiet,14.2,14.0,0.0,0.0,5.1,5.7,ðŸ•™ 10:00-18:00,
2025-05-23,"May 23, 2025",160,28%,Quiet,13.6,13.8,0.0,0.0,4.9,6.5,ðŸ•™ 10:00-18:00,
2025-05-24,"May 24, 2025",160,29%,Quiet,13.3,13.4,0.4,0.51,4.2,5.2,ðŸ•™ 10:00-19:00,
2025-05-25,"May 25, 2025",160,29%,Quiet,18.0,17.7,0.07,0.07,5.7,6.2,ðŸ•™ 10:00-19:00,
2025-05-26,"May 26, 2025",160,62%,Busy,16.9,17.1,0.0,0.0,4.8,5.0,ðŸ•™ 10:00-18:00,
2025-05-27,"May 27, 2025",160,37%,Quiet,15.8,15.7,0.13,0.59,5.2,5.8,ðŸ•™ 10:00-18:00,
2025-05-28,"May 28, 2025",160,95%,Packed,16.0,17.6,0.66,0.04,4.9,6.7,ðŸ•™ 10:00-18:00,
2025-05-29,"May 29, 2025",160,31%,Quiet,17.4,17.4,0.01,0.05,4.0,5.2,ðŸ•™ 10:00-20:00,
2025-05-30,"May 30, 2025",160,88%,Packed,20.7,21.4,0.0,0.0,3.9,4.2,ðŸ•™ 10:00-20:00,
2025-05-31,"May 31, 2025",160,65%,Busy,23.2,23.9,0.0,0.1,1.9,1.7,ðŸ•™ 10:00-19:00,
2025-06-01,"June 01, 2025",160,33%,Quiet,19.3,19.3,0.0,0.0,4.3,4.5,ðŸ•™ 10:00-19:00,
2025-06-02,"June 02, 2025",160,46%,Quiet,18.3,17.0,0.0,0.01,4.1,4.0,ðŸ•™ 10:00-18:00,
2025-06-03,"June 03, 2025",160,33%,Quiet,22.0,21.5,0.0,0.0,5.0,6.3,ðŸ•™ 10:00-18:00,
2025-06-04,"June 04, 2025",160,16%,Empty,17.6,16.6,0.01,0.03,3.6,4.2,ðŸ•™ 10:00-18:00,
2025-06-05,"June 05, 2025",160,22%,Empty,15.2,17.6,0.42,0.29,3.9,6.0,ðŸ•™ 10:00-18:00,
2025-06-06,"June 06, 2025",160,34%,Quiet,17.6,17.8,0.03,0.03,4.9,6.0,ðŸ•™ 10:00-18:00,
2025-06-07,"June 07, 2025",160,7%,Empty,15.3,15.3,0.39,0.82,4.4,4.4,ðŸ•™ 10:00-20:00,
2025-06-08,"June 08, 2025",160,11%,Empty,15.0,14.4,0.15,0.21,6.2,7.7,ðŸ•™ 10:00-20:00,
2025-06-09,"June 09, 2025",160,45%,Quiet,18.1,17.4,0.0,0.0,3.7,3.7,ðŸ•™ 10:00-20:00,
2025-06-10,"June 10, 2025",160,83%,Packed,15.8,16.8,0.04,0.02,4.2,5.8,ðŸ•™ 10:00-20:00,
2025-06-11,"June 11, 2025",160,80%,Packed,18.9,18.7,0.0,0.0,2.2,2.7,ðŸ•™ 10:00-18:00,
2025-06-12,"June 12, 2025",160,31%,Quiet,25.0,25.3,0.0,0.0,4.9,6.7,ðŸ•™ 10:00-18:00,
2025-06-13,"June 13, 2025",160,29%,Quiet,29.0,30.6,0.0,0.0,1.5,3.1,ðŸ•™ 10:00-18:00,
2025-06-14,"June 14, 2025",160,39%,Quiet,25.5,24.9,0.47,0.12,3.2,3.2,ðŸ•™ 10:00-20:00,
2025-06-15,"June 15, 2025",160,35%,Quiet,21.0,20.7,0.0,0.0,4.3,5.3,ðŸ•™ 10:00-20:00,
2025-06-16,"June 16, 2025",160,75%,Packed,22.6,22.8,0.0,0.0,3.6,4.2,ðŸ•™ 10:00-18:00,
2025-06-17,"June 17, 2025",160,63%,Busy,24.6,24.7,0.0,0.0,1.8,3.1,ðŸ•™ 10:00-18:00,
2025-06-18,"June 18, 2025",160,47%,Quiet,24.6,25.4,0.0,0.0,3.3,3.9,ðŸ•™ 10:00-18:00,
2025-06-19,"June 19, 2025",160,59%,Busy,23.6,23.5,0.0,0.0,2.5,3.2,ðŸ•™ 10:00-18:00,
2025-06-20,"June 20, 2025",160,74%,Busy,24.1,24.7,0.0,0.0,3.3,4.0,ðŸ•™ 10:00-18:00,
2025-06-21,"June 21, 2025",160,61%,Busy,29.1,29.5,0.0,0.0,2.3,3.3,ðŸ•™ 10:00-20:00,
2025-06-22,"June 22, 2025",160,25%,Quiet,27.1,26.2,0.05,0.02,3.6,4.7,ðŸ•™ 10:00-20:00,
2025-06-23,"June 23, 2025",160,73%,Busy,20.0,19.4,0.11,0.0,6.0,8.4,ðŸ•™ 10:00-18:00,
2025-06-24,"June 24, 2025",160,60%,Busy,19.0,19.2,0.01,0.01,4.8,5.7,ðŸ•™ 10:00-18:00,
2025-06-25,"June 25, 2025",160,63%,Busy,24.9,24.9,0.0,0.0,2.9,3.3,ðŸ•™ 10:00-18:00,
2025-06-26,"June 26, 2025",160,68%,Busy,22.2,21.3,0.08,0.29,5.5,5.4,ðŸ•™ 10:00-18:00,
2025-06-27,"June 27, 2025",160,81%,Packed,21.2,20.9,0.0,0.0,3.6,4.1,ðŸ•™ 10:00-18:00,
2025-06-28,"June 28, 2025",160,65%,Busy,24.4,24.6,0.0,0.0,4.1,4.1,ðŸ•™ 10:00-20:00,
2025-06-29,"June 29, 2025",160,42%,Quiet,26.8,26.9,0.0,0.0,2.9,3.5,ðŸ•™ 10:00-20:00,
2025-06-30,"June 30, 2025",160,41%,Quiet,28.6,29.3,0.0,0.0,2.5,3.0,ðŸ•™ 10:00-19:00,
2025-07-01,"July 01, 2025",160,23%,Empty,34.1,34.8,0.0,0.0,1.8,3.3,ðŸ•™ 10:00-19:00,
2025-07-02,"July 02, 2025",160,25%,Quiet,28.7,30.1,0.59,0.05,2.5,4.7,ðŸ•™ 10:00-19:00,
2025-07-03,"July 03, 2025",160,67%,Busy,21.2,21.0,0.0,0.0,3.8,4.2,ðŸ•™ 10:00-19:00,
2025-07-04,"July 04, 2025",160,59%,Busy,23.1,23.5,0.0,0.0,2.6,3.5,ðŸ•™ 10:00-22:00,
2025-07-05,"July 05, 2025",160,76%,Packed,20.4,21.7,0.01,0.09,3.9,5.2,ðŸ•™ 10:00-22:00,
2025-07-06,"July 06, 2025",160,22%,Empty,17.2,16.9,0.72,0.73,3.2,3.2,ðŸ•™ 10:00-22:00,
2025-07-07,"July 07, 2025",160,38%,Quiet,17.4,18.2,0.25,0.06,4.4,5.9,ðŸ•™ 10:00-22:00,
2025-07-08,"July 08, 2025",160,38%,Quiet,17.9,16.9,0.0,0.0,4.1,4.7,ðŸ•™ 10:00-22:00,
2025-07-09,"July 09, 2025",160,60%,Busy,21.4,21.9,0.0,0.0,2.7,3.5,ðŸ•™ 10:00-22:00,
2025-07-10,"July 10, 2025",160,51%,Busy,23.2,23.4,0.0,0.0,2.6,3.4,ðŸ•™ 10:00-22:00,
2025-07-11,"July 11, 2025",160,39%,Quiet,22.6,22.9,0.0,0.0,3.0,3.8,ðŸ•™ 10:00-22:00,
2025-07-12,"July 12, 2025",160,57%,Busy,23.5,23.4,0.0,0.0,3.2,3.8,ðŸ•™ 10:00-22:00,
2025-07-13,"July 13, 2025",160,31%,Quiet,22.6,22.0,0.01,0.0,1.6,2.3,ðŸ•™ 10:00-22:00,
2025-07-14,"July 14, 2025",160,43%,Quiet,23.6,23.3,0.03,0.04,3.2,4.1,ðŸ•™ 10:00-22:00,
2025-07-15,"July 15, 2025",160,40%,Quiet,20.6,20.8,0.02,0.0,3.2,4.1,ðŸ•™ 10:00-22:00,
2025-07-16,"July 16, 2025",160,26%,Quiet,19.1,18.4,0.07,0.15,4.3,5.2,ðŸ•™ 10:00-22:00,
2025-07-17,"July 17, 2025",160,43%,Quiet,22.9,22.9,0.0,0.0,2.5,2.9,ðŸ•™ 10:00-22:00,
2025-07-18,"July 18, 2025",160,27%,Quiet,24.7,25.3,0.0,0.0,1.3,2.2,ðŸ•™ 10:00-22:00,
2025-07-19,"July 19, 2025",160,41%,Quiet,26.6,26.6,0.18,0.05,3.7,4.2,ðŸ•™ 10:00-22:00,
2025-07-20,"July 20, 2025",160,33%,Quiet,21.1,22.0,0.14,0.45,3.5,3.8,ðŸ•™ 10:00-22:00,
2025-07-21,"July 21, 2025",160,41%,Quiet,19.8,20.4,0.66,0.45,3.5,5.1,ðŸ•™ 10:00-22:00,
2025-07-22,"July 22, 2025",160,55%,Busy,21.9,21.5,0.08,0.05,4.2,5.0,ðŸ•™ 10:00-22:00,
2025-07-23,"July 23, 2025",160,37%,Quiet,20.4,19.6,0.15,0.12,2.8,2.9,ðŸ•™ 10:00-22:00,
2025-07-24,"July 24, 2025",160,62%,Busy,23.2,22.3,0.0,0.0,2.2,2.5,ðŸ•™ 10:00-22:00,
2025-07-25,"July 25, 2025",160,47%,Quiet,21.3,20.7,0.16,0.03,1.7,2.4,ðŸ•™ 10:00-22:00,
2025-07-26,"July 26, 2025",160,55%,Busy,22.3,23.3,0.0,0.0,2.7,4.2,ðŸ•™ 10:00-22:00,
2025-07-27,"July 27, 2025",160,33%,Quiet,20.9,18.2,0.0,0.07,3.5,2.5,ðŸ•™ 10:00-22:00,
2025-07-28,"July 28, 2025",160,55%,Busy,19.8,19.2,0.04,0.02,3.5,4.3,ðŸ•™ 10:00-22:00,
2025-07-29,"July 29, 2025",160,81%,Packed,20.4,20.7,0.05,0.11,2.5,3.5,ðŸ•™ 10:00-22:00,
2025-07-30,"July 30, 2025",160,94%,Packed,20.3,20.3,0.0,0.0,3.2,4.7,ðŸ•™ 10:00-22:00,
2025-07-31,"July 31, 2025",160,49%,Quiet,20.7,19.3,0.18,0.18,3.4,3.5,ðŸ•™ 10:00-22:00,
2025-08-01,"August 01, 2025",160,23%,Empty,17.9,18.6,0.49,0.19,3.6,4.8,ðŸ•™ 10:00-22:00,
2025-08-02,"August 02, 2025",160,34%,Quiet,18.6,17.1,0.13,0.25,4.0,4.8,ðŸ•™ 10:00-22:00,
2025-08-03,"August 03, 2025",160,46%,Quiet,20.3,20.9,0.06,0.12,4.1,4.8,ðŸ•™ 10:00-22:00,
2025-08-04,"August 04, 2025",160,53%,Busy,21.0,22.9,0.12,0.08,4.6,5.4,ðŸ•™ 10:00-22:00,
2025-08-05,"August 05, 2025",160,61%,Busy,19.5,19.2,0.0,0.0,5.1,6.0,ðŸ•™ 10:00-22:00,
2025-08-06,"August 06, 2025",160,90%,Packed,20.4,20.3,0.0,0.0,2.8,2.5,ðŸ•™ 10:00-22:00,
2025-08-07,"August 07, 2025",160,80%,Packed,22.3,22.8,0.0,0.0,4.0,3.4,ðŸ•™ 10:00-22:00,
2025-08-08,"August 08, 2025",160,72%,Busy,21.2,21.7,0.0,0.0,2.7,3.3,ðŸ•™ 10:00-22:00,
2025-08-09,"August 09, 2025",160,83%,Packed,21.9,22.0,0.0,0.0,2.8,4.2,ðŸ•™ 10:00-22:00,
2025-08-10,"August 10, 2025",160,58%,Busy,23.3,23.0,0.0,0.0,1.8,2.8,ðŸ•™ 10:00-22:00,
2025-08-11,"August 11, 2025",160,75%,Packed,25.9,26.6,0.0,0.0,2.3,2.9,ðŸ•™ 10:00-22:00,
2025-08-12,"August 12, 2025",160,54%,Busy,28.3,28.5,0.01,0.0,1.9,2.2,ðŸ•™ 10:00-22:00,
2025-08-13,"August 13, 2025",160,40%,Quiet,29.5,28.4,0.0,0.0,2.2,2.4,ðŸ•™ 10:00-22:00,
2025-08-14,"August 14, 2025",160,46%,Quiet,28.8,27.7,0.0,0.0,3.3,4.0,ðŸ•™ 10:00-22:00,
2025-08-15,"August 15, 2025",160,71%,Busy,26.5,26.0,0.0,0.0,2.4,3.3,ðŸ•™ 10:00-22:00,
2025-08-16,"August 16, 2025",160,81%,Packed,21.4,19.8,0.0,0.0,3.8,4.5,ðŸ•™ 10:00-22:00,
2025-08-17,"August 17, 2025",160,66%,Busy,19.7,18.8,0.0,0.0,2.1,2.6,ðŸ•™ 10:00-22:00,
2025-08-18,"August 18, 2025",160,56%,Busy,22.8,23.6,0.0,0.0,2.7,3.7,ðŸ•™ 10:00-21:00,
2025-08-19,"August 19, 2025",160,68%,Busy,24.4,25.4,0.0,0.0,2.9,4.3,ðŸ•™ 10:00-21:00,
2025-08-20,"August 20, 2025",160,63%,Busy,22.1,21.4,0.0,0.0,3.0,4.1,ðŸ•™ 10:00-21:00,
2025-08-21,"August 21, 2025",160,77%,Packed,20.1,20.4,0.0,0.0,4.3,6.4,ðŸ•™ 10:00-21:00,
2025-08-22,"August 22, 2025",160,66%,Busy,18.2,17.3,0.0,0.0,3.1,3.2,ðŸ•™ 10:00-22:00,
2025-08-23,"August 23, 2025",160,82%,Packed,18.3,18.2,0.0,0.0,2.8,3.7,ðŸ•™ 10:00-22:00,
2025-08-24,"August 24, 2025",160,76%,Packed,18.8,19.3,0.0,0.0,1.4,2.6,ðŸ•™ 10:00-21:00,
2025-08-25,"August 25, 2025",160,80%,Packed,21.3,21.8,0.0,0.0,1.6,2.3,ðŸ•™ 10:00-21:00,
2025-08-26,"August 26, 2025",160,69%,Busy,24.6,26.2,0.0,0.0,2.6,4.2,ðŸ•™ 10:00-21:00,
2025-08-27,"August 27, 2025",160,85%,Packed,23.1,23.4,0.0,0.0,2.4,3.3,ðŸ•™ 10:00-21:00,
2025-08-28,"August 28, 2025",160,46%,Quiet,20.6,21.9,0.25,0.28,3.0,4.4,ðŸ•™ 10:00-21:00,
2025-08-29,"August 29, 2025",160,72%,Busy,17.9,19.0,0.15,0.16,4.3,5.6,ðŸ•™ 10:00-22:00,
2025-08-30,"August 30, 2025",160,85%,Packed,21.2,20.5,0.0,0.0,4.0,4.7,ðŸ•™ 10:00-22:00,
2025-08-31,"August 31, 2025",160,41%,Quiet,20.5,21.4,0.0,0.03,2.5,4.1,ðŸ•™ 10:00-21:00,
2025-09-01,"September 01, 2025",160,46%,Quiet,21.1,21.6,0.0,0.0,4.4,5.3,ðŸ•™ 10:00-18:00,
2025-09-02,"September 02, 2025",160,18%,Empty,20.7,20.3,0.0,0.0,4.0,6.3,ðŸ•™ 10:00-18:00,
2025-09-03,"September 03, 2025",160,21%,Empty,19.1,21.5,0.06,0.0,5.3,8.9,ðŸ•™ 10:00-18:00,
2025-09-04,"September 04, 2025",160,24%,Empty,20.0,20.6,0.18,0.01,3.3,6.7,ðŸ•™ 10:00-18:00,
2025-09-05,"September 05, 2025",160,33%,Quiet,18.3,19.0,0.02,0.06,5.6,4.3,ðŸ•™ 10:00-18:00,
2025-09-06,"September 06, 2025",160,84%,Packed,21.2,21.8,0.0,0.0,2.8,3.7,ðŸ•™ 10:00-20:00,
2025-09-07,"September 07, 2025",160,69%,Busy,26.6,25.1,0.0,0.0,6.6,5.2,ðŸ•™ 10:00-20:00,
2025-09-08,"September 08, 2025",160,30%,Quiet,21.4,21.9,0.13,0.0,1.8,4.2,ðŸ•™ 10:00-18:00,
2025-09-09,"September 09, 2025",160,17%,Empty,20.1,15.7,0.0,1.47,5.9,2.5,ðŸ•™ 10:00-18:00,
2025-09-10,"September 10, 2025",160,49%,Quiet,21.6,18.7,0.01,0.02,4.8,4.2,ðŸ•™ 10:00-18:00,
2025-09-11,"September 11, 2025",160,27%,Quiet,22.5,16.3,0.0,0.04,5.1,5.2,ðŸ•™ 10:00-18:00,
2025-09-12,"September 12, 2025",160,40%,Quiet,26.3,17.7,0.0,0.1,2.3,6.0,ðŸ•™ 10:00-18:00,
2025-09-13,"September 13, 2025",160,74%,Busy,27.5,16.1,0.0,0.26,2.6,6.1,ðŸ•™ 10:00-20:00,
2025-09-14,"September 14, 2025",160,74%,Busy,22.2,17.3,0.0,0.02,5.1,4.0,ðŸ•™ 10:00-20:00,
2025-09-15,"September 15, 2025",160,46%,Quiet,,18.4,,0.01,,8.9,ðŸ•™ 10:00-18:00,
2025-09-16,"September 16, 2025",160,38%,Quiet,,16.5,,0.0,,7.0,ðŸ•™ 10:00-18:00,
2025-09-17,"September 17, 2025",160,5%,Empty,,15.8,,0.23,,4.7,ðŸ•™ 10:00-18:00,
2025-09-18,"September 18, 2025",160,38%,Quiet,,19.9,,0.0,,5.4,ðŸ•™ 10:00-18:00,
2025-09-19,"September 19, 2025",160,70%,Busy,,24.2,,0.0,,4.2,ðŸ•™ 10:00-18:00,
2025-09-20,"September 20, 2025",160,88%,Packed,,21.4,,0.34,,3.9,ðŸ•™ 10:00-20:00,
2025-09-21,"September 21, 2025",160,74%,Busy,,14.5,,0.0,,3.7,ðŸ•™ 10:00-20:00,
2025-09-22,"September 22, 2025",160,45%,Quiet,,15.2,,0.0,,6.3,ðŸ•™ 10:00-18:00,
2025-09-23,"September 23, 2025",160,18%,Empty,,15.8,,0.0,,5.1,ðŸ•™ 10:00-18:00,
2025-09-24,"September 24, 2025",160,31%,Quiet,,13.8,,0.0,,6.5,ðŸ•™ 10:00-18:00,
2025-09-25,"September 25, 2025",160,43%,Quiet,,12.1,,0.01,,7.0,ðŸ•™ 10:00-18:00,
2025-09-26,"September 26, 2025",160,54%,Busy,,13.7,,0.0,,3.6,ðŸ•™ 10:00-18:00,
2025-09-27,"September 27, 2025",160,88%,Packed,,15.0,,0.0,,2.2,ðŸ•™ 10:00-20:00,
2025-09-28,"September 28, 2025",160,83%,Packed,,16.8,,0.0,,1.4,ðŸ•™ 10:00-20:00,
2025-09-29,"September 29, 2025",160,69%,Busy,,17.7,,0.0,,2.6,ðŸ•™ 10:00-18:00,
2025-09-30,"September 30, 2025",160,30%,Quiet,,16.7,,0.0,,1.9,ðŸ•™ 10:00-18:00,
2025-10-01,"October 01, 2025",160,44%,Quiet,,14.7,,0.0,,2.5,ðŸ•™ 10:00-18:00,
2025-10-02,"October 02, 2025",160,41%,Quiet,,15.7,,0.0,,4.0,ðŸ•™ 10:00-18:00,
2025-10-03,"October 03, 2025",160,89%,Packed,,13.4,,0.14,,5.1,ðŸ•™ 10:00-18:00,
2025-10-04,"October 04, 2025",160,59%,Busy,,13.4,,0.57,,7.7,ðŸ•™ 10:00-20:00,
2025-10-05,"October 05, 2025",160,74%,Busy,,13.2,,0.01,,6.7,ðŸ•™ 10:00-20:00,
2025-10-06,"October 06, 2025",160,44%,Quiet,,14.4,,0.04,,3.6,ðŸ•™ 10:00-19:00,
2025-10-07,"October 07, 2025",160,26%,Quiet,,15.4,,0.0,,3.2,ðŸ•™ 10:00-18:00,
2025-10-08,"October 08, 2025",160,40%,Quiet,,15.1,,0.0,,2.1,ðŸ•™ 10:00-18:00,
2025-10-09,"October 09, 2025",160,25%,Quiet,,14.9,,0.0,,2.9,ðŸ•™ 10:00-18:00,
2025-10-10,"October 10, 2025",160,38%,Quiet,,16.6,,0.0,,2.6,ðŸ•™ 10:00-18:00,
2025-10-11,"October 11, 2025",160,68%,Busy,,14.6,,0.0,,1.6,ðŸ•™ 10:00-20:00,
2025-10-12,"October 12, 2025",160,63%,Busy,,15.1,,0.0,,2.5,ðŸ•™ 10:00-20:00,
2025-10-13,"October 13, 2025",160,42%,Quiet,,14.6,,0.0,,2.7,ðŸ•™ 10:00-20:00,
2025-10-14,"October 14, 2025",160,75%,Packed,,14.2,,0.0,,2.0,ðŸ•™ 10:00-20:00,
2025-10-15,"October 15, 2025",160,52%,Busy,,13.4,,0.0,,1.1,ðŸ•™ 10:00-20:00,
2025-10-16,"October 16, 2025",160,73%,Busy,,13.8,,0.02,,2.6,ðŸ•™ 10:00-20:00,
2025-10-17,"October 17, 2025",160,40%,Quiet,,12.6,,0.01,,1.5,ðŸ•™ 10:00-20:00,
2025-10-18,"October 18, 2025",160,75%,Packed,,11.6,,0.0,,2.9,ðŸ•™ 10:00-20:00,
2025-10-19,"October 19, 2025",160,77%,Packed,,12.7,,0.02,,3.9,ðŸ•™ 10:00-20:00,
2025-10-20,"October 20, 2025",160,36%,Quiet,,15.8,,0.12,,5.7,ðŸ•™ 10:00-20:00,
2025-10-21,"October 21, 2025",160,57%,Busy,,14.1,,0.18,,4.8,ðŸ•™ 10:00-20:00,
2025-10-22,"October 22, 2025",160,65%,Busy,,13.8,,0.0,,2.2,ðŸ•™ 10:00-20:00,
2025-10-23,"October 23, 2025",160,20%,Empty,,11.3,,0.44,,7.5,ðŸ•™ 10:00-20:00,
2025-10-24,"October 24, 2025",160,40%,Quiet,,10.2,,0.07,,6.4,ðŸ•™ 10:00-20:00,
2025-10-25,"October 25, 2025",160,28%,Quiet,,10.2,,0.38,,5.2,ðŸ•™ 10:00-20:00,
2025-10-26,"October 26, 2025",160,37%,Quiet,,9.2,,0.09,,6.3,ðŸ•™ 10:00-20:00,
2025-10-27,"October 27, 2025",160,35%,Quiet,,9.8,,0.57,,5.9,ðŸ•™ 10:00-20:00,
2025-10-28,"October 28, 2025",160,29%,Quiet,,12.4,,0.02,,4.7,ðŸ•™ 10:00-20:00,
2025-10-29,"October 29, 2025",160,37%,Quiet,,12.4,,0.04,,3.4,ðŸ•™ 10:00-20:00,
2025-10-30,"October 30, 2025",160,56%,Busy,,10.9,,0.0,,3.5,ðŸ•™ 10:00-20:00,
2025-10-31,"October 31, 2025",160,24%,Empty,,12.1,,0.0,,3.9,ðŸ•™ 10:00-20:00,
2025-11-01,"November 01, 2025",160,46%,Quiet,,12.2,,0.47,,4.5,ðŸ•™ 10:00-20:00,
2025-11-02,"November 02, 2025",160,66%,Busy,,11.5,,0.09,,4.1,ðŸ•™ 10:00-20:00,
2025-11-03,"November 03, 2025",160,49%,Quiet,,11.4,,0.0,,6.3,ðŸ•š 11:00-18:00,
2025-11-04,"November 04, 2025",160,27%,Quiet,,15.1,,0.0,,5.8,ðŸ•š 11:00-18:00,
2025-11-05,"November 05, 2025",160,45%,Quiet,,15.8,,0.0,,4.1,ðŸ•š 11:00-18:00,
2025-11-06,"November 06, 2025",160,29%,Quiet,,13.0,,0.0,,3.2,ðŸ•š 11:00-18:00,
2025-11-07,"November 07, 2025",160,70%,Busy,,14.6,,0.0,,2.0,ðŸ•š 11:00-18:00,
2025-11-08,"November 08, 2025",160,79%,Packed,,13.2,,0.0,,1.8,ðŸ•™ 10:00-20:00,
2025-11-09,"November 09, 2025",160,84%,Packed,,11.6,,0.0,,2.3,ðŸ•™ 10:00-20:00,
2025-11-10,"November 10, 2025",160,92%,Packed,,10.7,,0.0,,4.8,ðŸŽ„ 10:00-18:00,ðŸŽ„ Winter Efteling
2025-11-11,"November 11, 2025",160,40%,Quiet,,11.0,,0.0,,5.0,ðŸŽ„ 10:00-19:00,ðŸŽ„ Winter Efteling
